model,depth,stage,boundary,d_between_cos
ResNet-18,0,stem,True,0.031121522320550765
ResNet-18,1,s1.b1,True,0.021847509710330115
ResNet-18,2,s1.b2,False,0.014545371647946781
ResNet-18,3,s2.b1,True,0.05896317331434964
ResNet-18,4,s2.b2,False,0.051338701016900745
ResNet-18,5,s3.b1,True,0.12694455172411445
ResNet-18,6,s3.b2,False,0.11810317519169633
ResNet-18,7,s4.b1,True,0.3688269039954709
ResNet-18,8,s4.b2,False,0.4326747616138912
ResNet-152,0,stem,True,0.022394000954019777
ResNet-152,1,s1.b1,True,0.03341444214353473
ResNet-152,2,s1.b2,False,0.020229359611120046
ResNet-152,3,s1.b3,False,0.01781888425558731
ResNet-152,4,s2.b1,True,0.056325772088955395
ResNet-152,5,s2.b2,False,0.03270667499180602
ResNet-152,6,s2.b3,False,0.03396097164388312
ResNet-152,7,s2.b4,False,0.030443422275520104
ResNet-152,8,s2.b5,False,0.029757360731337945
ResNet-152,9,s2.b6,False,0.027688556932923936
ResNet-152,10,s2.b7,False,0.026858682725694694
ResNet-152,11,s2.b8,False,0.02467516263092362
ResNet-152,12,s3.b1,True,0.09845899095607091
ResNet-152,13,s3.b2,False,0.08227027753961913
ResNet-152,14,s3.b3,False,0.07112506193280521
ResNet-152,15,s3.b4,False,0.0689294897663687
ResNet-152,16,s3.b5,False,0.07061456654604492
ResNet-152,17,s3.b6,False,0.07829462983618674
ResNet-152,18,s3.b7,False,0.07630085969983547
ResNet-152,19,s3.b8,False,0.07471080200418101
ResNet-152,20,s3.b9,False,0.07178349650815785
ResNet-152,21,s3.b10,False,0.06836626836576154
ResNet-152,22,s3.b11,False,0.06794235385991487
ResNet-152,23,s3.b12,False,0.06536189937220782
ResNet-152,24,s3.b13,False,0.06260898044947794
ResNet-152,25,s3.b14,False,0.06401893875935727
ResNet-152,26,s3.b15,False,0.06279236820685707
ResNet-152,27,s3.b16,False,0.059347912344925646
ResNet-152,28,s3.b17,False,0.057993547383076716
ResNet-152,29,s3.b18,False,0.05898968692071804
ResNet-152,30,s3.b19,False,0.0618951776292509
ResNet-152,31,s3.b20,False,0.06156173927397712
ResNet-152,32,s3.b21,False,0.06095560693263902
ResNet-152,33,s3.b22,False,0.06564327178695306
ResNet-152,34,s3.b23,False,0.06396904459320807
ResNet-152,35,s3.b24,False,0.06579283130401414
ResNet-152,36,s3.b25,False,0.07269352820830877
ResNet-152,37,s3.b26,False,0.07562922930053351
ResNet-152,38,s3.b27,False,0.0807901249752998
ResNet-152,39,s3.b28,False,0.08818556321914539
ResNet-152,40,s3.b29,False,0.08701278106846289
ResNet-152,41,s3.b30,False,0.09201300381280708
ResNet-152,42,s3.b31,False,0.09782147057616153
ResNet-152,43,s3.b32,False,0.10733195289391151
ResNet-152,44,s3.b33,False,0.1058436945557708
ResNet-152,45,s3.b34,False,0.10611081038064807
ResNet-152,46,s3.b35,False,0.10185438786669354
ResNet-152,47,s3.b36,False,0.08554506889555902
ResNet-152,48,s4.b1,True,0.3734288926084076
ResNet-152,49,s4.b2,False,0.4967209523117405
ResNet-152,50,s4.b3,False,0.850039783886871
ConvNeXt-Tiny,0,stem,True,0.512063907111575
ConvNeXt-Tiny,1,s1.b1,True,0.19132624922175645
ConvNeXt-Tiny,2,s1.b2,False,0.011597445178282428
ConvNeXt-Tiny,3,s1.b3,False,0.01257768097548051
ConvNeXt-Tiny,4,down1,True,0.12995685465039053
ConvNeXt-Tiny,5,s2.b1,True,0.010380918862615607
ConvNeXt-Tiny,6,s2.b2,False,0.00634092815709586
ConvNeXt-Tiny,7,s2.b3,False,0.02432074358871328
ConvNeXt-Tiny,8,down2,True,0.41136543546178606
ConvNeXt-Tiny,9,s3.b1,True,0.4100400528318462
ConvNeXt-Tiny,10,s3.b2,False,0.29176863216448723
ConvNeXt-Tiny,11,s3.b3,False,0.05750587070717428
ConvNeXt-Tiny,12,s3.b4,False,0.024774479046340336
ConvNeXt-Tiny,13,s3.b5,False,0.01454276818354705
ConvNeXt-Tiny,14,s3.b6,False,0.008530224647177231
ConvNeXt-Tiny,15,s3.b7,False,0.0037133837943691406
ConvNeXt-Tiny,16,s3.b8,False,0.002127056598729582
ConvNeXt-Tiny,17,s3.b9,False,0.0020346905498285217
ConvNeXt-Tiny,18,down3,True,0.6671464298100411
ConvNeXt-Tiny,19,s4.b1,True,0.4395753039569319
ConvNeXt-Tiny,20,s4.b2,False,0.6139200985426175
ConvNeXt-Tiny,21,s4.b3,False,0.6341600111948955
ConvNeXt-Base,0,stem,True,0.05449202759163674
ConvNeXt-Base,1,s1.b1,True,0.04093400281304005
ConvNeXt-Base,2,s1.b2,False,0.012867552218792544
ConvNeXt-Base,3,s1.b3,False,0.017725048586010983
ConvNeXt-Base,4,down1,True,0.14153368236447128
ConvNeXt-Base,5,s2.b1,True,0.0077757617449488725
ConvNeXt-Base,6,s2.b2,False,0.006853177040089364
ConvNeXt-Base,7,s2.b3,False,0.024634857688436096
ConvNeXt-Base,8,down2,True,0.4326866094132351
ConvNeXt-Base,9,s3.b1,True,0.4451287686552736
ConvNeXt-Base,10,s3.b2,False,0.45261938041591543
ConvNeXt-Base,11,s3.b3,False,0.45162214523453503
ConvNeXt-Base,12,s3.b4,False,0.4331003133195128
ConvNeXt-Base,13,s3.b5,False,0.4266222899598541
ConvNeXt-Base,14,s3.b6,False,0.42636743274007793
ConvNeXt-Base,15,s3.b7,False,0.3972395809300451
ConvNeXt-Base,16,s3.b8,False,0.3968165535088245
ConvNeXt-Base,17,s3.b9,False,0.3595539903711523
ConvNeXt-Base,18,s3.b10,False,0.16400704005552547
ConvNeXt-Base,19,s3.b11,False,0.08064538621325368
ConvNeXt-Base,20,s3.b12,False,0.047453317754302504
ConvNeXt-Base,21,s3.b13,False,0.029025583146146006
ConvNeXt-Base,22,s3.b14,False,0.020256239244952345
ConvNeXt-Base,23,s3.b15,False,0.012526408640136988
ConvNeXt-Base,24,s3.b16,False,0.010920207799893333
ConvNeXt-Base,25,s3.b17,False,0.0068248817228077074
ConvNeXt-Base,26,s3.b18,False,0.0063202927359115035
ConvNeXt-Base,27,s3.b19,False,0.005414441389526292
ConvNeXt-Base,28,s3.b20,False,0.003847123119731566
ConvNeXt-Base,29,s3.b21,False,0.0031900933895054884
ConvNeXt-Base,30,s3.b22,False,0.002626506485923885
ConvNeXt-Base,31,s3.b23,False,0.0023489639861408174
ConvNeXt-Base,32,s3.b24,False,0.0021430557661913374
ConvNeXt-Base,33,s3.b25,False,0.0020000688679328027
ConvNeXt-Base,34,s3.b26,False,0.001961625015243107
ConvNeXt-Base,35,s3.b27,False,0.0019922314220454096
ConvNeXt-Base,36,down3,True,0.6635026102263331
ConvNeXt-Base,37,s4.b1,True,0.624236637016599
ConvNeXt-Base,38,s4.b2,False,0.5815212921574676
ConvNeXt-Base,39,s4.b3,False,0.566208228782813
