split,sample_index,role
0,1,train
0,96,train
0,79,train
0,165,train
0,179,train
0,193,train
0,109,train
0,154,train
0,81,train
0,178,train
0,126,train
0,181,train
0,108,train
0,160,train
0,141,train
0,117,train
0,129,train
0,143,train
0,169,train
0,168,train
0,82,train
0,14,train
0,127,train
0,133,train
0,35,train
0,148,train
0,102,train
0,101,train
0,183,train
0,166,train
0,21,train
0,7,train
0,91,train
0,112,train
0,195,train
0,58,train
0,62,train
0,136,train
0,64,train
0,90,train
0,85,train
0,16,train
0,194,train
0,19,train
0,151,train
0,45,train
0,142,train
0,176,train
0,75,train
0,113,train
0,115,train
0,157,train
0,110,train
0,49,train
0,163,train
0,43,train
0,114,train
0,119,train
0,72,train
0,198,train
0,92,train
0,29,train
0,22,train
0,99,train
0,120,train
0,187,train
0,36,train
0,140,train
0,159,train
0,145,train
0,71,train
0,11,train
0,70,train
0,199,train
0,118,train
0,80,train
0,84,train
0,33,train
0,4,train
0,52,train
0,51,train
0,87,train
0,24,train
0,95,train
0,139,train
0,131,train
0,66,train
0,60,train
0,42,train
0,105,train
0,177,train
0,167,train
0,8,train
0,54,train
0,73,train
0,39,train
0,25,train
0,61,train
0,28,train
0,30,train
0,13,train
0,107,train
0,44,train
0,171,train
0,146,train
0,186,train
0,74,train
0,40,train
0,173,train
0,111,train
0,5,train
0,152,train
0,18,train
0,130,train
0,106,train
0,93,train
0,97,train
0,27,train
0,9,train
0,100,train
0,67,train
0,149,train
0,164,train
0,31,train
0,196,train
0,77,train
0,37,train
0,123,train
0,32,train
0,162,train
0,158,train
0,132,train
0,88,train
0,137,train
0,185,train
0,144,train
0,41,train
0,48,train
0,184,train
0,63,train
0,15,test
0,34,test
0,12,test
0,69,test
0,56,test
0,116,test
0,98,test
0,23,test
0,180,test
0,147,test
0,26,test
0,76,test
0,197,test
0,20,test
0,135,test
0,3,test
0,0,test
0,122,test
0,125,test
0,38,test
0,190,test
0,6,test
0,47,test
0,2,test
0,138,test
0,57,test
0,172,test
0,103,test
0,104,test
0,65,test
0,68,test
0,161,test
0,175,test
0,156,test
0,78,test
0,55,test
0,50,test
0,188,test
0,191,test
0,182,test
0,89,test
0,192,test
0,46,test
0,153,test
0,53,test
0,128,test
0,10,test
0,83,test
0,150,test
0,86,test
0,174,test
0,155,test
0,189,test
0,17,test
0,134,test
0,170,test
0,94,test
0,121,test
0,124,test
0,59,test
1,47,train
1,91,train
1,193,train
1,147,train
1,60,train
1,13,train
1,67,train
1,109,train
1,155,train
1,15,train
1,130,train
1,89,train
1,136,train
1,171,train
1,120,train
1,107,train
1,143,train
1,43,train
1,185,train
1,157,train
1,5,train
1,199,train
1,46,train
1,64,train
1,160,train
1,88,train
1,0,train
1,23,train
1,66,train
1,4,train
1,192,train
1,166,train
1,131,train
1,153,train
1,101,train
1,85,train
1,84,train
1,41,train
1,87,train
1,140,train
1,188,train
1,164,train
1,32,train
1,93,train
1,74,train
1,110,train
1,61,train
1,119,train
1,137,train
1,42,train
1,114,train
1,172,train
1,68,train
1,11,train
1,106,train
1,57,train
1,125,train
1,29,train
1,45,train
1,173,train
1,70,train
1,105,train
1,97,train
1,80,train
1,162,train
1,175,train
1,10,train
1,124,train
1,98,train
1,177,train
1,168,train
1,154,train
1,8,train
1,71,train
1,117,train
1,121,train
1,28,train
1,73,train
1,104,train
1,94,train
1,26,train
1,81,train
1,37,train
1,150,train
1,31,train
1,134,train
1,33,train
1,196,train
1,189,train
1,50,train
1,190,train
1,62,train
1,14,train
1,86,train
1,77,train
1,113,train
1,58,train
1,145,train
1,78,train
1,146,train
1,55,train
1,165,train
1,169,train
1,129,train
1,6,train
1,7,train
1,24,train
1,21,train
1,17,train
1,83,train
1,180,train
1,156,train
1,161,train
1,123,train
1,90,train
1,174,train
1,2,train
1,149,train
1,3,train
1,79,train
1,187,train
1,59,train
1,92,train
1,75,train
1,126,train
1,9,train
1,34,train
1,115,train
1,19,train
1,51,train
1,195,train
1,151,train
1,76,train
1,102,train
1,159,train
1,186,train
1,191,train
1,52,train
1,100,train
1,99,train
1,111,test
1,141,test
1,194,test
1,1,test
1,167,test
1,95,test
1,30,test
1,108,test
1,158,test
1,54,test
1,22,test
1,63,test
1,82,test
1,112,test
1,181,test
1,163,test
1,40,test
1,178,test
1,184,test
1,39,test
1,148,test
1,72,test
1,118,test
1,49,test
1,65,test
1,179,test
1,128,test
1,27,test
1,182,test
1,38,test
1,122,test
1,103,test
1,48,test
1,138,test
1,198,test
1,183,test
1,12,test
1,69,test
1,170,test
1,53,test
1,25,test
1,133,test
1,20,test
1,16,test
1,44,test
1,132,test
1,18,test
1,197,test
1,135,test
1,96,test
1,139,test
1,176,test
1,36,test
1,144,test
1,127,test
1,142,test
1,152,test
1,56,test
1,35,test
1,116,test
2,30,train
2,172,train
2,82,train
2,171,train
2,85,train
2,137,train
2,96,train
2,183,train
2,173,train
2,110,train
2,22,train
2,95,train
2,191,train
2,193,train
2,180,train
2,138,train
2,38,train
2,157,train
2,21,train
2,182,train
2,18,train
2,59,train
2,150,train
2,168,train
2,144,train
2,104,train
2,45,train
2,147,train
2,122,train
2,143,train
2,48,train
2,23,train
2,73,train
2,52,train
2,77,train
2,187,train
2,103,train
2,166,train
2,19,train
2,107,train
2,93,train
2,181,train
2,124,train
2,80,train
2,97,train
2,156,train
2,186,train
2,126,train
2,56,train
2,114,train
2,134,train
2,179,train
2,64,train
2,151,train
2,92,train
2,46,train
2,62,train
2,140,train
2,162,train
2,94,train
2,83,train
2,117,train
2,127,train
2,188,train
2,136,train
2,28,train
2,29,train
2,31,train
2,49,train
2,154,train
2,121,train
2,129,train
2,65,train
2,133,train
2,34,train
2,9,train
2,68,train
2,190,train
2,12,train
2,15,train
2,66,train
2,111,train
2,72,train
2,71,train
2,198,train
2,76,train
2,176,train
2,89,train
2,26,train
2,13,train
2,175,train
2,41,train
2,194,train
2,70,train
2,16,train
2,131,train
2,32,train
2,79,train
2,170,train
2,98,train
2,24,train
2,25,train
2,87,train
2,33,train
2,20,train
2,115,train
2,184,train
2,40,train
2,84,train
2,91,train
2,148,train
2,69,train
2,177,train
2,149,train
2,0,train
2,125,train
2,60,train
2,163,train
2,152,train
2,90,train
2,74,train
2,78,train
2,100,train
2,4,train
2,2,train
2,146,train
2,57,train
2,27,train
2,10,train
2,196,train
2,47,train
2,120,train
2,81,train
2,153,train
2,42,train
2,195,train
2,3,train
2,105,train
2,132,train
2,135,train
2,6,test
2,160,test
2,61,test
2,53,test
2,142,test
2,44,test
2,36,test
2,37,test
2,128,test
2,167,test
2,174,test
2,141,test
2,106,test
2,145,test
2,119,test
2,67,test
2,99,test
2,159,test
2,63,test
2,113,test
2,8,test
2,35,test
2,109,test
2,116,test
2,75,test
2,50,test
2,178,test
2,88,test
2,17,test
2,164,test
2,5,test
2,169,test
2,54,test
2,189,test
2,14,test
2,155,test
2,123,test
2,39,test
2,165,test
2,185,test
2,43,test
2,197,test
2,139,test
2,7,test
2,199,test
2,112,test
2,58,test
2,86,test
2,1,test
2,51,test
2,101,test
2,102,test
2,192,test
2,11,test
2,158,test
2,108,test
2,161,test
2,130,test
2,118,test
2,55,test
3,96,train
3,174,train
3,193,train
3,183,train
3,86,train
3,165,train
3,68,train
3,88,train
3,173,train
3,156,train
3,189,train
3,185,train
3,50,train
3,44,train
3,117,train
3,152,train
3,29,train
3,0,train
3,33,train
3,162,train
3,151,train
3,132,train
3,119,train
3,60,train
3,61,train
3,39,train
3,126,train
3,4,train
3,129,train
3,90,train
3,26,train
3,66,train
3,125,train
3,104,train
3,34,train
3,100,train
3,73,train
3,190,train
3,24,train
3,55,train
3,153,train
3,54,train
3,167,train
3,134,train
3,32,train
3,97,train
3,194,train
3,115,train
3,52,train
3,12,train
3,155,train
3,41,train
3,85,train
3,192,train
3,196,train
3,172,train
3,71,train
3,7,train
3,36,train
3,77,train
3,138,train
3,197,train
3,175,train
3,118,train
3,163,train
3,92,train
3,28,train
3,80,train
3,122,train
3,121,train
3,48,train
3,184,train
3,158,train
3,94,train
3,160,train
3,65,train
3,146,train
3,148,train
3,35,train
3,45,train
3,19,train
3,16,train
3,63,train
3,27,train
3,107,train
3,111,train
3,98,train
3,149,train
3,127,train
3,141,train
3,159,train
3,114,train
3,91,train
3,8,train
3,25,train
3,144,train
3,2,train
3,171,train
3,57,train
3,103,train
3,89,train
3,113,train
3,102,train
3,62,train
3,15,train
3,177,train
3,164,train
3,6,train
3,49,train
3,188,train
3,169,train
3,147,train
3,23,train
3,74,train
3,109,train
3,9,train
3,181,train
3,10,train
3,47,train
3,140,train
3,93,train
3,59,train
3,83,train
3,108,train
3,123,train
3,40,train
3,128,train
3,38,train
3,135,train
3,58,train
3,82,train
3,198,train
3,53,train
3,17,train
3,95,train
3,137,train
3,81,train
3,145,train
3,37,train
3,22,train
3,133,test
3,46,test
3,139,test
3,70,test
3,130,test
3,87,test
3,166,test
3,110,test
3,112,test
3,168,test
3,161,test
3,67,test
3,14,test
3,199,test
3,43,test
3,3,test
3,64,test
3,31,test
3,170,test
3,101,test
3,191,test
3,124,test
3,180,test
3,79,test
3,195,test
3,75,test
3,150,test
3,11,test
3,120,test
3,72,test
3,18,test
3,182,test
3,99,test
3,143,test
3,20,test
3,186,test
3,187,test
3,78,test
3,76,test
3,13,test
3,179,test
3,131,test
3,178,test
3,105,test
3,136,test
3,5,test
3,42,test
3,176,test
3,106,test
3,142,test
3,116,test
3,157,test
3,1,test
3,154,test
3,21,test
3,56,test
3,84,test
3,51,test
3,30,test
3,69,test
4,145,train
4,60,train
4,105,train
4,149,train
4,56,train
4,90,train
4,195,train
4,94,train
4,14,train
4,194,train
4,21,train
4,121,train
4,111,train
4,15,train
4,51,train
4,180,train
4,192,train
4,20,train
4,16,train
4,187,train
4,136,train
4,158,train
4,188,train
4,143,train
4,79,train
4,148,train
4,151,train
4,115,train
4,177,train
4,130,train
4,137,train
4,84,train
4,123,train
4,38,train
4,42,train
4,99,train
4,62,train
4,74,train
4,49,train
4,138,train
4,43,train
4,116,train
4,41,train
4,163,train
4,160,train
4,5,train
4,1,train
4,45,train
4,12,train
4,114,train
4,47,train
4,39,train
4,107,train
4,93,train
4,34,train
4,170,train
4,174,train
4,135,train
4,81,train
4,64,train
4,134,train
4,132,train
4,67,train
4,140,train
4,63,train
4,128,train
4,31,train
4,98,train
4,181,train
4,169,train
4,92,train
4,17,train
4,189,train
4,144,train
4,77,train
4,57,train
4,154,train
4,24,train
4,19,train
4,3,train
4,168,train
4,103,train
4,172,train
4,108,train
4,156,train
4,152,train
4,83,train
4,25,train
4,102,train
4,119,train
4,184,train
4,146,train
4,97,train
4,155,train
4,96,train
4,69,train
4,2,train
4,59,train
4,173,train
4,10,train
4,88,train
4,0,train
4,139,train
4,53,train
4,166,train
4,193,train
4,55,train
4,33,train
4,50,train
4,150,train
4,65,train
4,28,train
4,118,train
4,100,train
4,40,train
4,73,train
4,23,train
4,127,train
4,58,train
4,131,train
4,70,train
4,186,train
4,29,train
4,112,train
4,80,train
4,75,train
4,120,train
4,101,train
4,106,train
4,76,train
4,182,train
4,35,train
4,162,train
4,117,train
4,185,train
4,159,train
4,141,train
4,72,train
4,30,train
4,18,train
4,129,test
4,13,test
4,176,test
4,46,test
4,104,test
4,161,test
4,71,test
4,52,test
4,122,test
4,26,test
4,32,test
4,183,test
4,191,test
4,44,test
4,190,test
4,37,test
4,124,test
4,27,test
4,178,test
4,9,test
4,157,test
4,142,test
4,82,test
4,36,test
4,125,test
4,153,test
4,147,test
4,164,test
4,78,test
4,179,test
4,110,test
4,196,test
4,89,test
4,85,test
4,87,test
4,66,test
4,61,test
4,133,test
4,6,test
4,175,test
4,113,test
4,86,test
4,126,test
4,165,test
4,171,test
4,167,test
4,11,test
4,22,test
4,198,test
4,199,test
4,95,test
4,8,test
4,48,test
4,54,test
4,197,test
4,68,test
4,109,test
4,7,test
4,91,test
4,4,test
