sample_index,selected_index,image_path,label
0,13,cats_dogs_light/test/dog.9788.jpg,5
1,394,cats_dogs_light/test/cat.9994.jpg,3
2,212,cats_dogs_light/test/cat.9824.jpg,3
3,275,cats_dogs_light/test/cat.993.jpg,3
4,154,cats_dogs_light/test/dog.9913.jpg,5
5,381,cats_dogs_light/test/cat.9981.jpg,3
6,43,cats_dogs_light/test/dog.9813.jpg,5
7,113,cats_dogs_light/test/dog.9876.jpg,5
8,374,cats_dogs_light/test/cat.9974.jpg,3
9,332,cats_dogs_light/test/cat.997.jpg,3
10,56,cats_dogs_light/test/dog.9826.jpg,5
11,97,cats_dogs_light/test/dog.9860.jpg,5
12,89,cats_dogs_light/test/dog.9859.jpg,5
13,318,cats_dogs_light/test/cat.9924.jpg,3
14,209,cats_dogs_light/test/cat.9821.jpg,3
15,14,cats_dogs_light/test/dog.9789.jpg,5
16,297,cats_dogs_light/test/cat.9903.jpg,3
17,75,cats_dogs_light/test/dog.9845.jpg,5
18,2,cats_dogs_light/test/dog.9777.jpg,5
19,82,cats_dogs_light/test/dog.9852.jpg,5
20,199,cats_dogs_light/test/dog.9958.jpg,5
21,341,cats_dogs_light/test/cat.9941.jpg,3
22,73,cats_dogs_light/test/dog.9843.jpg,5
23,145,cats_dogs_light/test/dog.9908.jpg,5
24,227,cats_dogs_light/test/cat.9839.jpg,3
25,321,cats_dogs_light/test/cat.9927.jpg,3
26,106,cats_dogs_light/test/dog.9869.jpg,5
27,375,cats_dogs_light/test/cat.9975.jpg,3
28,362,cats_dogs_light/test/cat.9962.jpg,3
29,30,cats_dogs_light/test/dog.9805.jpg,5
30,38,cats_dogs_light/test/dog.984.jpg,5
31,148,cats_dogs_light/test/dog.9911.jpg,5
32,128,cats_dogs_light/test/dog.9891.jpg,5
33,12,cats_dogs_light/test/dog.9787.jpg,5
34,258,cats_dogs_light/test/cat.9870.jpg,3
35,210,cats_dogs_light/test/cat.9822.jpg,3
36,25,cats_dogs_light/test/dog.9800.jpg,5
37,61,cats_dogs_light/test/dog.9831.jpg,5
38,166,cats_dogs_light/test/dog.9925.jpg,5
39,64,cats_dogs_light/test/dog.9834.jpg,5
40,286,cats_dogs_light/test/cat.9892.jpg,3
41,229,cats_dogs_light/test/cat.9841.jpg,3
42,91,cats_dogs_light/test/dog.986.jpg,5
43,60,cats_dogs_light/test/dog.9830.jpg,5
44,208,cats_dogs_light/test/cat.988.jpg,3
45,317,cats_dogs_light/test/cat.9923.jpg,3
46,123,cats_dogs_light/test/dog.9886.jpg,5
47,176,cats_dogs_light/test/dog.9935.jpg,5
48,83,cats_dogs_light/test/dog.9853.jpg,5
49,101,cats_dogs_light/test/dog.9864.jpg,5
50,240,cats_dogs_light/test/cat.9852.jpg,3
51,15,cats_dogs_light/test/dog.9790.jpg,5
52,28,cats_dogs_light/test/dog.9803.jpg,5
53,270,cats_dogs_light/test/cat.99.jpg,3
54,245,cats_dogs_light/test/cat.9857.jpg,3
55,184,cats_dogs_light/test/dog.9943.jpg,5
56,192,cats_dogs_light/test/dog.9951.jpg,5
57,280,cats_dogs_light/test/cat.9886.jpg,3
58,393,cats_dogs_light/test/cat.9993.jpg,3
59,190,cats_dogs_light/test/dog.9949.jpg,5
60,299,cats_dogs_light/test/cat.9905.jpg,3
61,285,cats_dogs_light/test/cat.9891.jpg,3
62,351,cats_dogs_light/test/cat.9951.jpg,3
63,164,cats_dogs_light/test/dog.9923.jpg,5
64,361,cats_dogs_light/test/cat.9961.jpg,3
65,255,cats_dogs_light/test/cat.9867.jpg,3
66,254,cats_dogs_light/test/cat.9866.jpg,3
67,259,cats_dogs_light/test/cat.9871.jpg,3
68,378,cats_dogs_light/test/cat.9978.jpg,3
69,88,cats_dogs_light/test/dog.9858.jpg,5
70,196,cats_dogs_light/test/dog.9955.jpg,5
71,86,cats_dogs_light/test/dog.9856.jpg,5
72,306,cats_dogs_light/test/cat.9912.jpg,3
73,257,cats_dogs_light/test/cat.9869.jpg,3
74,387,cats_dogs_light/test/cat.9987.jpg,3
75,140,cats_dogs_light/test/dog.9903.jpg,5
76,108,cats_dogs_light/test/dog.9871.jpg,5
77,256,cats_dogs_light/test/cat.9868.jpg,3
78,336,cats_dogs_light/test/cat.9936.jpg,3
79,71,cats_dogs_light/test/dog.9841.jpg,5
80,379,cats_dogs_light/test/cat.9979.jpg,3
81,94,cats_dogs_light/test/dog.989.jpg,5
82,330,cats_dogs_light/test/cat.995.jpg,3
83,98,cats_dogs_light/test/dog.9861.jpg,5
84,87,cats_dogs_light/test/dog.9857.jpg,5
85,283,cats_dogs_light/test/cat.9889.jpg,3
86,206,cats_dogs_light/test/cat.986.jpg,3
87,49,cats_dogs_light/test/dog.9819.jpg,5
88,316,cats_dogs_light/test/cat.9922.jpg,3
89,67,cats_dogs_light/test/dog.9837.jpg,5
90,370,cats_dogs_light/test/cat.9970.jpg,3
91,392,cats_dogs_light/test/cat.9992.jpg,3
92,315,cats_dogs_light/test/cat.9921.jpg,3
93,376,cats_dogs_light/test/cat.9976.jpg,3
94,26,cats_dogs_light/test/dog.9801.jpg,5
95,345,cats_dogs_light/test/cat.9945.jpg,3
96,191,cats_dogs_light/test/dog.9950.jpg,5
97,162,cats_dogs_light/test/dog.9921.jpg,5
98,267,cats_dogs_light/test/cat.9879.jpg,3
99,260,cats_dogs_light/test/cat.9872.jpg,3
100,175,cats_dogs_light/test/dog.9934.jpg,5
101,301,cats_dogs_light/test/cat.9907.jpg,3
102,16,cats_dogs_light/test/dog.9791.jpg,5
103,265,cats_dogs_light/test/cat.9877.jpg,3
104,373,cats_dogs_light/test/cat.9973.jpg,3
105,384,cats_dogs_light/test/cat.9984.jpg,3
106,37,cats_dogs_light/test/dog.983.jpg,5
107,167,cats_dogs_light/test/dog.9926.jpg,5
108,81,cats_dogs_light/test/dog.9851.jpg,5
109,51,cats_dogs_light/test/dog.9821.jpg,5
110,153,cats_dogs_light/test/dog.995.jpg,5
111,159,cats_dogs_light/test/dog.9918.jpg,5
112,350,cats_dogs_light/test/cat.9950.jpg,3
113,48,cats_dogs_light/test/dog.9818.jpg,5
114,152,cats_dogs_light/test/dog.994.jpg,5
115,198,cats_dogs_light/test/dog.9957.jpg,5
116,31,cats_dogs_light/test/dog.9806.jpg,5
117,107,cats_dogs_light/test/dog.9870.jpg,5
118,9,cats_dogs_light/test/dog.9784.jpg,5
119,305,cats_dogs_light/test/cat.9911.jpg,3
120,343,cats_dogs_light/test/cat.9943.jpg,3
121,160,cats_dogs_light/test/dog.9919.jpg,5
122,326,cats_dogs_light/test/cat.9932.jpg,3
123,193,cats_dogs_light/test/dog.9952.jpg,5
124,215,cats_dogs_light/test/cat.9827.jpg,3
125,368,cats_dogs_light/test/cat.9968.jpg,3
126,185,cats_dogs_light/test/dog.9944.jpg,5
127,85,cats_dogs_light/test/dog.9855.jpg,5
128,320,cats_dogs_light/test/cat.9926.jpg,3
129,6,cats_dogs_light/test/dog.9781.jpg,5
130,93,cats_dogs_light/test/dog.988.jpg,5
131,103,cats_dogs_light/test/dog.9866.jpg,5
132,223,cats_dogs_light/test/cat.9835.jpg,3
133,224,cats_dogs_light/test/cat.9836.jpg,3
134,3,cats_dogs_light/test/dog.9778.jpg,5
135,281,cats_dogs_light/test/cat.9887.jpg,3
136,354,cats_dogs_light/test/cat.9954.jpg,3
137,304,cats_dogs_light/test/cat.9910.jpg,3
138,120,cats_dogs_light/test/dog.9883.jpg,5
139,309,cats_dogs_light/test/cat.9915.jpg,3
140,288,cats_dogs_light/test/cat.9894.jpg,3
141,118,cats_dogs_light/test/dog.9881.jpg,5
142,189,cats_dogs_light/test/dog.9948.jpg,5
143,102,cats_dogs_light/test/dog.9865.jpg,5
144,365,cats_dogs_light/test/cat.9965.jpg,3
145,307,cats_dogs_light/test/cat.9913.jpg,3
146,179,cats_dogs_light/test/dog.9938.jpg,5
147,22,cats_dogs_light/test/dog.9797.jpg,5
148,50,cats_dogs_light/test/dog.9820.jpg,5
149,348,cats_dogs_light/test/cat.9948.jpg,3
150,319,cats_dogs_light/test/cat.9925.jpg,3
151,274,cats_dogs_light/test/cat.992.jpg,3
152,109,cats_dogs_light/test/dog.9872.jpg,5
153,155,cats_dogs_light/test/dog.9914.jpg,5
154,221,cats_dogs_light/test/cat.9833.jpg,3
155,382,cats_dogs_light/test/cat.9982.jpg,3
156,364,cats_dogs_light/test/cat.9964.jpg,3
157,353,cats_dogs_light/test/cat.9953.jpg,3
158,181,cats_dogs_light/test/dog.9940.jpg,5
159,277,cats_dogs_light/test/cat.9883.jpg,3
160,262,cats_dogs_light/test/cat.9874.jpg,3
161,238,cats_dogs_light/test/cat.9850.jpg,3
162,58,cats_dogs_light/test/dog.9828.jpg,5
163,314,cats_dogs_light/test/cat.9920.jpg,3
164,186,cats_dogs_light/test/dog.9945.jpg,5
165,358,cats_dogs_light/test/cat.9958.jpg,3
166,182,cats_dogs_light/test/dog.9941.jpg,5
167,105,cats_dogs_light/test/dog.9868.jpg,5
168,90,cats_dogs_light/test/dog.99.jpg,5
169,112,cats_dogs_light/test/dog.9875.jpg,5
170,247,cats_dogs_light/test/cat.9859.jpg,3
171,251,cats_dogs_light/test/cat.9863.jpg,3
172,218,cats_dogs_light/test/cat.9830.jpg,3
173,291,cats_dogs_light/test/cat.9897.jpg,3
174,390,cats_dogs_light/test/cat.9990.jpg,3
175,271,cats_dogs_light/test/cat.989.jpg,3
176,359,cats_dogs_light/test/cat.9959.jpg,3
177,389,cats_dogs_light/test/cat.9989.jpg,3
178,335,cats_dogs_light/test/cat.9935.jpg,3
179,19,cats_dogs_light/test/dog.9794.jpg,5
180,279,cats_dogs_light/test/cat.9885.jpg,3
181,74,cats_dogs_light/test/dog.9844.jpg,5
182,337,cats_dogs_light/test/cat.9937.jpg,3
183,23,cats_dogs_light/test/dog.9798.jpg,5
184,104,cats_dogs_light/test/dog.9867.jpg,5
185,29,cats_dogs_light/test/dog.9804.jpg,5
186,53,cats_dogs_light/test/dog.9823.jpg,5
187,344,cats_dogs_light/test/cat.9944.jpg,3
188,27,cats_dogs_light/test/dog.9802.jpg,5
189,11,cats_dogs_light/test/dog.9786.jpg,5
190,114,cats_dogs_light/test/dog.9877.jpg,5
191,177,cats_dogs_light/test/dog.9936.jpg,5
192,232,cats_dogs_light/test/cat.9844.jpg,3
193,168,cats_dogs_light/test/dog.9927.jpg,5
194,278,cats_dogs_light/test/cat.9884.jpg,3
195,222,cats_dogs_light/test/cat.9834.jpg,3
196,366,cats_dogs_light/test/cat.9966.jpg,3
197,282,cats_dogs_light/test/cat.9888.jpg,3
198,300,cats_dogs_light/test/cat.9906.jpg,3
199,174,cats_dogs_light/test/dog.9933.jpg,5
