index,slug,model,readout,depth,stage,feature_width,CKA_prev,d_within_cos,d_between_cos,S,Fisher_raw,PR
0,vit_b16_cls,ViT-B/16,CLS,0,b1,768,,0.0083859537528535,0.008508123551924,1.0145683845476687,0.0241342077375527,3.177422548524986
1,vit_b16_cls,ViT-B/16,CLS,1,b2,768,0.7894933168221359,0.0109317384747904,0.0111374054239281,1.018813745829357,0.0284128660993711,8.217304623065246
2,vit_b16_cls,ViT-B/16,CLS,2,b3,768,0.852471759241005,0.0140030546838969,0.0143776856536026,1.0267535175833102,0.0366775280119648,12.700751997566778
3,vit_b16_cls,ViT-B/16,CLS,3,b4,768,0.8891655954149944,0.0203746968815987,0.020944192014578,1.0279510972010444,0.0381269324469829,19.094365697419768
4,vit_b16_cls,ViT-B/16,CLS,4,b5,768,0.957819438525204,0.0256997686153888,0.0265219000695602,1.0319898387598354,0.0423354034430109,25.825592686657387
5,vit_b16_cls,ViT-B/16,CLS,5,b6,768,0.9384341062336948,0.0366660152696513,0.0382073582812181,1.042037374397827,0.0523789951587157,34.11135023995622
6,vit_b16_cls,ViT-B/16,CLS,6,b7,768,0.860339917360208,0.0773291681455294,0.0822120967680966,1.063144719381666,0.0734830645434857,42.70967148448203
7,vit_b16_cls,ViT-B/16,CLS,7,b8,768,0.8635815365407956,0.2046885797187345,0.2208295091599282,1.0788560332157917,0.0896127475933837,52.02656678712405
8,vit_b16_cls,ViT-B/16,CLS,8,b9,768,0.8786594074460292,0.6079826382371512,0.6764895681623379,1.1126790891987028,0.1233869472954362,59.834064047799664
9,vit_b16_cls,ViT-B/16,CLS,9,b10,768,0.8683104795675195,0.716554990462416,0.8347633377988799,1.1649675864516418,0.1788539102371093,52.80213298783043
10,vit_b16_cls,ViT-B/16,CLS,10,b11,768,0.8846620087199737,0.6602968498048192,0.800623080332346,1.212519915200272,0.2163769854929527,41.22004611703972
11,vit_b16_cls,ViT-B/16,CLS,11,b12,768,0.819147991620255,0.7071190582572464,0.8463010360102629,1.1968296231415994,0.1994114958869478,37.99045465327111
12,vit_b16_cls,ViT-B/16,CLS,12,final_norm,768,0.8428717331249737,0.7811512318848045,0.9539826885895608,1.2212522359949929,0.2331502148301897,39.88146581689837
