model,depth,stage,boundary,d_within_euclid_unit
ConvNeXt-Base,0,stem,True,0.2996471187345682
ConvNeXt-Base,1,s1.b1,True,0.26644119988599624
ConvNeXt-Base,2,s1.b2,False,0.15263873909426803
ConvNeXt-Base,3,s1.b3,False,0.17745772072710475
ConvNeXt-Base,4,down1,True,0.5123948533440696
ConvNeXt-Base,5,s2.b1,True,0.11970010725615346
ConvNeXt-Base,6,s2.b2,False,0.11215549460059054
ConvNeXt-Base,7,s2.b3,False,0.20182776202074054
ConvNeXt-Base,8,down2,True,0.8995724831045908
ConvNeXt-Base,9,s3.b1,True,0.9137249683223114
ConvNeXt-Base,10,s3.b2,False,0.9202786914753611
ConvNeXt-Base,11,s3.b3,False,0.9168219767987557
ConvNeXt-Base,12,s3.b4,False,0.8960485161028653
ConvNeXt-Base,13,s3.b5,False,0.8880028789289276
ConvNeXt-Base,14,s3.b6,False,0.886379677116451
ConvNeXt-Base,15,s3.b7,False,0.8519202242850308
ConvNeXt-Base,16,s3.b8,False,0.8490849260297451
ConvNeXt-Base,17,s3.b9,False,0.8056599535196949
ConvNeXt-Base,18,s3.b10,False,0.5416136430228304
ConvNeXt-Base,19,s3.b11,False,0.3792330186150664
ConvNeXt-Base,20,s3.b12,False,0.28988990551519644
ConvNeXt-Base,21,s3.b13,False,0.2256960221564145
ConvNeXt-Base,22,s3.b14,False,0.1878468506306149
ConvNeXt-Base,23,s3.b15,False,0.14774543295274012
ConvNeXt-Base,24,s3.b16,False,0.13667221038676827
ConvNeXt-Base,25,s3.b17,False,0.10772761528671479
ConvNeXt-Base,26,s3.b18,False,0.1024705975430254
ConvNeXt-Base,27,s3.b19,False,0.09434443666098416
ConvNeXt-Base,28,s3.b20,False,0.07920020778731629
ConvNeXt-Base,29,s3.b21,False,0.07150835982054102
ConvNeXt-Base,30,s3.b22,False,0.06448388675325316
ConvNeXt-Base,31,s3.b23,False,0.06066746446072806
ConvNeXt-Base,32,s3.b24,False,0.05778043898869302
ConvNeXt-Base,33,s3.b25,False,0.05520968030394473
ConvNeXt-Base,34,s3.b26,False,0.054093442388825255
ConvNeXt-Base,35,s3.b27,False,0.05458124832420285
ConvNeXt-Base,36,down3,True,0.9823164074175549
ConvNeXt-Base,37,s4.b1,True,0.9530611229511738
ConvNeXt-Base,38,s4.b2,False,0.9132185189473339
ConvNeXt-Base,39,s4.b3,False,0.9025035291913323
