model,depth,stage,boundary,Fisher_raw
ConvNeXt-Base,0,stem,True,0.03978397456986193
ConvNeXt-Base,1,s1.b1,True,0.03994715104130539
ConvNeXt-Base,2,s1.b2,False,0.034216089373653356
ConvNeXt-Base,3,s1.b3,False,0.033811299934301944
ConvNeXt-Base,4,down1,True,0.03584277645180672
ConvNeXt-Base,5,s2.b1,True,0.04164491426380568
ConvNeXt-Base,6,s2.b2,False,0.05664519594620764
ConvNeXt-Base,7,s2.b3,False,0.0982433599535939
ConvNeXt-Base,8,down2,True,0.04813454098451029
ConvNeXt-Base,9,s3.b1,True,0.04910068559148745
ConvNeXt-Base,10,s3.b2,False,0.05334989839513951
ConvNeXt-Base,11,s3.b3,False,0.0607682811459664
ConvNeXt-Base,12,s3.b4,False,0.0657016643217177
ConvNeXt-Base,13,s3.b5,False,0.0705023110363254
ConvNeXt-Base,14,s3.b6,False,0.07543267779311581
ConvNeXt-Base,15,s3.b7,False,0.08523269467623305
ConvNeXt-Base,16,s3.b8,False,0.09350547442681353
ConvNeXt-Base,17,s3.b9,False,0.0997160108341103
ConvNeXt-Base,18,s3.b10,False,0.10903580676001366
ConvNeXt-Base,19,s3.b11,False,0.11191471593946178
ConvNeXt-Base,20,s3.b12,False,0.12070128944038232
ConvNeXt-Base,21,s3.b13,False,0.1346215522479031
ConvNeXt-Base,22,s3.b14,False,0.1424470100069082
ConvNeXt-Base,23,s3.b15,False,0.12721142765108165
ConvNeXt-Base,24,s3.b16,False,0.15220604498285145
ConvNeXt-Base,25,s3.b17,False,0.11891409572191666
ConvNeXt-Base,26,s3.b18,False,0.1470544275169811
ConvNeXt-Base,27,s3.b19,False,0.12949838981122483
ConvNeXt-Base,28,s3.b20,False,0.09419038344372695
ConvNeXt-Base,29,s3.b21,False,0.08886492192327386
ConvNeXt-Base,30,s3.b22,False,0.084700642108696
ConvNeXt-Base,31,s3.b23,False,0.08553328736599461
ConvNeXt-Base,32,s3.b24,False,0.07277761605576247
ConvNeXt-Base,33,s3.b25,False,0.06772764985082443
ConvNeXt-Base,34,s3.b26,False,0.04843819470816184
ConvNeXt-Base,35,s3.b27,False,0.043549044426767436
ConvNeXt-Base,36,down3,True,0.30957193367337715
ConvNeXt-Base,37,s4.b1,True,0.31726118522370345
ConvNeXt-Base,38,s4.b2,False,0.33725212705853974
ConvNeXt-Base,39,s4.b3,False,0.3359420011988121
