model,depth,stage,boundary,mean_raw_norm
ConvNeXt-Base,0,stem,True,1.8515124325512842
ConvNeXt-Base,1,s1.b1,True,2.421386083989905
ConvNeXt-Base,2,s1.b2,False,3.1328914980306384
ConvNeXt-Base,3,s1.b3,False,3.6044947999963517
ConvNeXt-Base,4,down1,True,0.8726407696470693
ConvNeXt-Base,5,s2.b1,True,4.152229970583713
ConvNeXt-Base,6,s2.b2,False,5.450874071950087
ConvNeXt-Base,7,s2.b3,False,6.13297863650497
ConvNeXt-Base,8,down2,True,0.7533286297739434
ConvNeXt-Base,9,s3.b1,True,0.7446860504252393
ConvNeXt-Base,10,s3.b2,False,0.7918706636032254
ConvNeXt-Base,11,s3.b3,False,0.8630458098536363
ConvNeXt-Base,12,s3.b4,False,0.9622385814784189
ConvNeXt-Base,13,s3.b5,False,1.0524528878994734
ConvNeXt-Base,14,s3.b6,False,1.1195615835365174
ConvNeXt-Base,15,s3.b7,False,1.2786148467545817
ConvNeXt-Base,16,s3.b8,False,1.398170024125726
ConvNeXt-Base,17,s3.b9,False,1.5876237769201105
ConvNeXt-Base,18,s3.b10,False,2.512190013942692
ConvNeXt-Base,19,s3.b11,False,3.817051247592847
ConvNeXt-Base,20,s3.b12,False,5.3867142692556715
ConvNeXt-Base,21,s3.b13,False,7.425729533813648
ConvNeXt-Base,22,s3.b14,False,9.496395135578299
ConvNeXt-Base,23,s3.b15,False,12.88756375830627
ConvNeXt-Base,24,s3.b16,False,14.68862118655667
ConvNeXt-Base,25,s3.b17,False,19.997078379585922
ConvNeXt-Base,26,s3.b18,False,22.256273742866405
ConvNeXt-Base,27,s3.b19,False,25.75185977384127
ConvNeXt-Base,28,s3.b20,False,31.598139299075726
ConvNeXt-Base,29,s3.b21,False,36.38471503824367
ConvNeXt-Base,30,s3.b22,False,41.394248350897215
ConvNeXt-Base,31,s3.b23,False,45.30869207404131
ConvNeXt-Base,32,s3.b24,False,49.957055525812265
ConvNeXt-Base,33,s3.b25,False,55.12733533838695
ConvNeXt-Base,34,s3.b26,False,60.21632169094056
ConvNeXt-Base,35,s3.b27,False,65.4078164513336
ConvNeXt-Base,36,down3,True,6.642549709161042
ConvNeXt-Base,37,s4.b1,True,7.265199046904322
ConvNeXt-Base,38,s4.b2,False,8.393347544670299
ConvNeXt-Base,39,s4.b3,False,9.147945725495287
