model,depth,stage,boundary,PR
ConvNeXt-Base,0,stem,True,3.2465123147199306
ConvNeXt-Base,1,s1.b1,True,4.673531003791215
ConvNeXt-Base,2,s1.b2,False,6.164959261791879
ConvNeXt-Base,3,s1.b3,False,6.018757898442334
ConvNeXt-Base,4,down1,True,9.522761567131164
ConvNeXt-Base,5,s2.b1,True,12.879117504016701
ConvNeXt-Base,6,s2.b2,False,18.84796191617329
ConvNeXt-Base,7,s2.b3,False,5.741158470278181
ConvNeXt-Base,8,down2,True,16.183420232597044
ConvNeXt-Base,9,s3.b1,True,18.141452155257547
ConvNeXt-Base,10,s3.b2,False,20.74194772538221
ConvNeXt-Base,11,s3.b3,False,23.83969069708064
ConvNeXt-Base,12,s3.b4,False,26.91927038402496
ConvNeXt-Base,13,s3.b5,False,29.666467446889
ConvNeXt-Base,14,s3.b6,False,32.15107682230781
ConvNeXt-Base,15,s3.b7,False,33.808374980114486
ConvNeXt-Base,16,s3.b8,False,35.74379417381373
ConvNeXt-Base,17,s3.b9,False,37.42740963246556
ConvNeXt-Base,18,s3.b10,False,37.93280255414042
ConvNeXt-Base,19,s3.b11,False,39.71908492813985
ConvNeXt-Base,20,s3.b12,False,40.5630385729541
ConvNeXt-Base,21,s3.b13,False,41.25597462527184
ConvNeXt-Base,22,s3.b14,False,41.516314711719545
ConvNeXt-Base,23,s3.b15,False,44.00572757924645
ConvNeXt-Base,24,s3.b16,False,42.24541339114312
ConvNeXt-Base,25,s3.b17,False,42.59976440554641
ConvNeXt-Base,26,s3.b18,False,39.412789887106804
ConvNeXt-Base,27,s3.b19,False,38.145279612458445
ConvNeXt-Base,28,s3.b20,False,36.901613054350584
ConvNeXt-Base,29,s3.b21,False,34.225093484834915
ConvNeXt-Base,30,s3.b22,False,32.64547672000842
ConvNeXt-Base,31,s3.b23,False,31.31730564906001
ConvNeXt-Base,32,s3.b24,False,30.68784354259508
ConvNeXt-Base,33,s3.b25,False,27.547391943371263
ConvNeXt-Base,34,s3.b26,False,24.44963909933962
ConvNeXt-Base,35,s3.b27,False,19.907996058280776
ConvNeXt-Base,36,down3,True,20.60441807055986
ConvNeXt-Base,37,s4.b1,True,22.330164184651746
ConvNeXt-Base,38,s4.b2,False,21.769574346224786
ConvNeXt-Base,39,s4.b3,False,22.530730228352787
