model,depth,stage,boundary,probe_sd
ConvNeXt-Base,0,stem,True,0.018257418583505533
ConvNeXt-Base,1,s1.b1,True,0.055277079839256636
ConvNeXt-Base,2,s1.b2,False,0.050552502960343665
ConvNeXt-Base,3,s1.b3,False,0.08579691784155835
ConvNeXt-Base,4,down1,True,0.02173067468400884
ConvNeXt-Base,5,s2.b1,True,0.03205897343611894
ConvNeXt-Base,6,s2.b2,False,0.051908038341324785
ConvNeXt-Base,7,s2.b3,False,0.05939509893735156
ConvNeXt-Base,8,down2,True,0.04859126579037752
ConvNeXt-Base,9,s3.b1,True,0.04654746681256314
ConvNeXt-Base,10,s3.b2,False,0.05577733510227169
ConvNeXt-Base,11,s3.b3,False,0.03726779962499649
ConvNeXt-Base,12,s3.b4,False,0.02527625148017184
ConvNeXt-Base,13,s3.b5,False,0.013944333775567929
ConvNeXt-Base,14,s3.b6,False,0.03908679799852856
ConvNeXt-Base,15,s3.b7,False,0.02635231383473649
ConvNeXt-Base,16,s3.b8,False,0.02173067468400884
ConvNeXt-Base,17,s3.b9,False,0.036132472314464655
ConvNeXt-Base,18,s3.b10,False,0.027386127875258303
ConvNeXt-Base,19,s3.b11,False,0.02635231383473649
ConvNeXt-Base,20,s3.b12,False,0.02635231383473649
ConvNeXt-Base,21,s3.b13,False,0.02236067977499791
ConvNeXt-Base,22,s3.b14,False,0.02635231383473649
ConvNeXt-Base,23,s3.b15,False,0.024720661623652197
ConvNeXt-Base,24,s3.b16,False,0.016666666666666663
ConvNeXt-Base,25,s3.b17,False,0.02041241452319317
ConvNeXt-Base,26,s3.b18,False,0.009128709291752798
ConvNeXt-Base,27,s3.b19,False,0.009128709291752798
ConvNeXt-Base,28,s3.b20,False,0.007453559924999322
ConvNeXt-Base,29,s3.b21,False,0.0
ConvNeXt-Base,30,s3.b22,False,0.0
ConvNeXt-Base,31,s3.b23,False,0.0
ConvNeXt-Base,32,s3.b24,False,0.0
ConvNeXt-Base,33,s3.b25,False,0.0
ConvNeXt-Base,34,s3.b26,False,0.0
ConvNeXt-Base,35,s3.b27,False,0.0
ConvNeXt-Base,36,down3,True,0.0
ConvNeXt-Base,37,s4.b1,True,0.0
ConvNeXt-Base,38,s4.b2,False,0.0
ConvNeXt-Base,39,s4.b3,False,0.0
