model,depth,stage,boundary,S
ConvNeXt-Base,0,stem,True,1.0298107447877516
ConvNeXt-Base,1,s1.b1,True,1.03025965886881
ConvNeXt-Base,2,s1.b2,False,1.0219468921787382
ConvNeXt-Base,3,s1.b3,False,1.0261942293528938
ConvNeXt-Base,4,down1,True,1.0247225554856596
ConvNeXt-Base,5,s2.b1,True,1.0265809185468138
ConvNeXt-Base,6,s2.b2,False,1.0345287067242483
ConvNeXt-Base,7,s2.b3,False,1.0740444227898092
ConvNeXt-Base,8,down2,True,1.0398828676844463
ConvNeXt-Base,9,s3.b1,True,1.0406281265361381
ConvNeXt-Base,10,s3.b2,False,1.0451417287381464
ConvNeXt-Base,11,s3.b3,False,1.0527004605960286
ConvNeXt-Base,12,s3.b4,False,1.0578003463572367
ConvNeXt-Base,13,s3.b5,False,1.0619164993138985
ConvNeXt-Base,14,s3.b6,False,1.0666236651985892
ConvNeXt-Base,15,s3.b7,False,1.0762426933421234
ConvNeXt-Base,16,s3.b8,False,1.0838174306615085
ConvNeXt-Base,17,s3.b9,False,1.0895530324514715
ConvNeXt-Base,18,s3.b10,False,1.0955050756283278
ConvNeXt-Base,19,s3.b11,False,1.0972020971326357
ConvNeXt-Base,20,s3.b12,False,1.1062975457796436
ConvNeXt-Base,21,s3.b13,False,1.1172535810416482
ConvNeXt-Base,22,s3.b14,False,1.1277427555684505
ConvNeXt-Base,23,s3.b15,False,1.127699498934879
ConvNeXt-Base,24,s3.b16,False,1.150531704826447
ConvNeXt-Base,25,s3.b17,False,1.1564199143640852
ConvNeXt-Base,26,s3.b18,False,1.1837312935825077
ConvNeXt-Base,27,s3.b19,False,1.1958438923273125
ConvNeXt-Base,28,s3.b20,False,1.2029268651210434
ConvNeXt-Base,29,s3.b21,False,1.2229560304483624
ConvNeXt-Base,30,s3.b22,False,1.2367387912320835
ConvNeXt-Base,31,s3.b23,False,1.2479779051788058
ConvNeXt-Base,32,s3.b24,False,1.2542301020288085
ConvNeXt-Base,33,s3.b25,False,1.2787171877390013
ConvNeXt-Base,34,s3.b26,False,1.3026837726137845
ConvNeXt-Base,35,s3.b27,False,1.2938004849296778
ConvNeXt-Base,36,down3,True,1.3335322104345435
ConvNeXt-Base,37,s4.b1,True,1.3358368712992903
ConvNeXt-Base,38,s4.b2,False,1.3527529543433756
ConvNeXt-Base,39,s4.b3,False,1.3467358565860923
