model,depth,stage,category,pca1,pca2
ConvNeXt-Base,0,stem,cat,0.0030776943275441977,-0.0034928545976183776
ConvNeXt-Base,1,s1.b1,cat,0.0036506214505606645,-0.004426206176461668
ConvNeXt-Base,2,s1.b2,cat,0.0032792679805688707,-0.004270175568008402
ConvNeXt-Base,3,s1.b3,cat,0.0036088570229311783,-0.005157387555007237
ConvNeXt-Base,4,down1,cat,0.0043053228391953455,-0.004579246423818636
ConvNeXt-Base,5,s2.b1,cat,0.005292566989167457,-0.005162668120823271
ConvNeXt-Base,6,s2.b2,cat,0.0076511358869770976,-0.005965792287169866
ConvNeXt-Base,7,s2.b3,cat,0.008256669719881742,-0.007891471257907491
ConvNeXt-Base,8,down2,cat,0.007927670250954632,-0.005974990163333158
ConvNeXt-Base,9,s3.b1,cat,0.008474984761302528,-0.006056062358764673
ConvNeXt-Base,10,s3.b2,cat,0.009865180849833262,-0.006563673805852546
ConvNeXt-Base,11,s3.b3,cat,0.012009223686033355,-0.007318944183325135
ConvNeXt-Base,12,s3.b4,cat,0.013831168765332628,-0.007973511675969049
ConvNeXt-Base,13,s3.b5,cat,0.015528718036964888,-0.008887612167198813
ConvNeXt-Base,14,s3.b6,cat,0.017115796976353997,-0.009096145204814431
ConvNeXt-Base,15,s3.b7,cat,0.019626664731317342,-0.009580600117318906
ConvNeXt-Base,16,s3.b8,cat,0.02180324899053429,-0.009634722346212177
ConvNeXt-Base,17,s3.b9,cat,0.023436633716581053,-0.00958305066119542
ConvNeXt-Base,18,s3.b10,cat,0.024821366055434706,-0.009514196438409993
ConvNeXt-Base,19,s3.b11,cat,0.025775323774735914,-0.009159668656320095
ConvNeXt-Base,20,s3.b12,cat,0.027938545538368307,-0.008805949281849638
ConvNeXt-Base,21,s3.b13,cat,0.03046461625619659,-0.008274584908773915
ConvNeXt-Base,22,s3.b14,cat,0.03275637751944382,-0.007610800046964229
ConvNeXt-Base,23,s3.b15,cat,0.03358347131495839,-0.0068981233168634954
ConvNeXt-Base,24,s3.b16,cat,0.03763714733999892,-0.005740972803016071
ConvNeXt-Base,25,s3.b17,cat,0.03895943116687209,-0.004823529142998651
ConvNeXt-Base,26,s3.b18,cat,0.04274980827839818,-0.0036577888283584187
ConvNeXt-Base,27,s3.b19,cat,0.04431640394741381,-0.0027403075489477197
ConvNeXt-Base,28,s3.b20,cat,0.04512259615805838,-0.0013337480830332858
ConvNeXt-Base,29,s3.b21,cat,0.047013733053914104,-3.056606354650215e-05
ConvNeXt-Base,30,s3.b22,cat,0.048132077425213755,0.0008253097962252149
ConvNeXt-Base,31,s3.b23,cat,0.04884634485615645,0.0016151071540524047
ConvNeXt-Base,32,s3.b24,cat,0.049147575110116866,0.0023174026019437445
ConvNeXt-Base,33,s3.b25,cat,0.0499078753633382,0.004525024161335322
ConvNeXt-Base,34,s3.b26,cat,0.049970809313690384,0.005845739272894673
ConvNeXt-Base,35,s3.b27,cat,0.043890291055032116,0.005726557149929333
ConvNeXt-Base,36,down3,cat,0.04619713553080859,0.012733587131324404
ConvNeXt-Base,37,s4.b1,cat,0.04846195277235626,0.01346616822517019
ConvNeXt-Base,38,s4.b2,cat,0.04977012446428898,0.014418468077157697
ConvNeXt-Base,39,s4.b3,cat,0.04991381765277345,0.014622612890472838
ConvNeXt-Base,0,stem,dog,-0.0030776943275441495,0.0034928545976183833
ConvNeXt-Base,1,s1.b1,dog,-0.0036506214505606627,0.004426206176461685
ConvNeXt-Base,2,s1.b2,dog,-0.0032792679805688746,0.0042701755680084
ConvNeXt-Base,3,s1.b3,dog,-0.0036088570229311193,0.005157387555007145
ConvNeXt-Base,4,down1,dog,-0.004305322839195348,0.004579246423818641
ConvNeXt-Base,5,s2.b1,dog,-0.005292566989167455,0.005162668120823263
ConvNeXt-Base,6,s2.b2,dog,-0.007651135886977113,0.005965792287169879
ConvNeXt-Base,7,s2.b3,dog,-0.008256669719881763,0.007891471257907508
ConvNeXt-Base,8,down2,dog,-0.007927670250954639,0.005974990163333166
ConvNeXt-Base,9,s3.b1,dog,-0.008474984761302531,0.006056062358764679
ConvNeXt-Base,10,s3.b2,dog,-0.009865180849833264,0.006563673805852551
ConvNeXt-Base,11,s3.b3,dog,-0.012009223686033358,0.007318944183325147
ConvNeXt-Base,12,s3.b4,dog,-0.013831168765332632,0.007973511675969052
ConvNeXt-Base,13,s3.b5,dog,-0.015528718036964888,0.008887612167198817
ConvNeXt-Base,14,s3.b6,dog,-0.017115796976354007,0.009096145204814433
ConvNeXt-Base,15,s3.b7,dog,-0.019626664731317352,0.009580600117318915
ConvNeXt-Base,16,s3.b8,dog,-0.02180324899053429,0.00963472234621218
ConvNeXt-Base,17,s3.b9,dog,-0.02343663371658105,0.009583050661195422
ConvNeXt-Base,18,s3.b10,dog,-0.024821366055434717,0.00951419643841
ConvNeXt-Base,19,s3.b11,dog,-0.025775323774735927,0.009159668656320102
ConvNeXt-Base,20,s3.b12,dog,-0.027938545538368307,0.008805949281849643
ConvNeXt-Base,21,s3.b13,dog,-0.03046461625619658,0.008274584908773915
ConvNeXt-Base,22,s3.b14,dog,-0.0327563775194438,0.007610800046964229
ConvNeXt-Base,23,s3.b15,dog,-0.033583471314958396,0.006898123316863502
ConvNeXt-Base,24,s3.b16,dog,-0.037637147339998935,0.0057409728030160725
ConvNeXt-Base,25,s3.b17,dog,-0.03895943116687206,0.004823529142998659
ConvNeXt-Base,26,s3.b18,dog,-0.04274980827839819,0.0036577888283584273
ConvNeXt-Base,27,s3.b19,dog,-0.04431640394741381,0.002740307548947714
ConvNeXt-Base,28,s3.b20,dog,-0.0451225961580584,0.0013337480830333086
ConvNeXt-Base,29,s3.b21,dog,-0.047013733053914084,3.0566063546482656e-05
ConvNeXt-Base,30,s3.b22,dog,-0.04813207742521379,-0.0008253097962251806
ConvNeXt-Base,31,s3.b23,dog,-0.04884634485615644,-0.0016151071540524333
ConvNeXt-Base,32,s3.b24,dog,-0.04914757511011688,-0.0023174026019437267
ConvNeXt-Base,33,s3.b25,dog,-0.04990787536333818,-0.004525024161335322
ConvNeXt-Base,34,s3.b26,dog,-0.04997080931369033,-0.005845739272894779
ConvNeXt-Base,35,s3.b27,dog,-0.04389029105503213,-0.005726557149929326
ConvNeXt-Base,36,down3,dog,-0.04619713553080859,-0.0127335871313244
ConvNeXt-Base,37,s4.b1,dog,-0.04846195277235626,-0.01346616822517019
ConvNeXt-Base,38,s4.b2,dog,-0.04977012446428898,-0.014418468077157675
ConvNeXt-Base,39,s4.b3,dog,-0.04991381765277344,-0.014622612890472836
