model,depth,stage,k,LLE,shuffle_mean,shuffle_sd,order_vs_shuffle,fraction_H_ge_0_8
DenseNet-201,0,stem,4,0.7599774059633404,0.7832091378579199,0.028397874613352254,0.02966223294855619,0.86
DenseNet-201,0,stem,8,0.9008872821839503,0.9046637928384499,0.018774562520238007,0.004174490771483685,0.915
DenseNet-201,0,stem,16,0.9444467126901318,0.9574264200249533,0.01082457490841062,0.013556871905084034,0.975
DenseNet-201,0,stem,32,0.9690544879411281,0.9812861135125084,0.006583879282819061,0.012464892148118967,1.0
DenseNet-201,0,stem,64,0.9845114446687352,0.992431977750185,0.003121105915594909,0.007980932959662845,1.0
DenseNet-201,1,s1.d1,4,0.7522443278734966,0.7838655284802154,0.026357484022996126,0.04034008316200233,0.84
DenseNet-201,1,s1.d1,8,0.8866449108049334,0.906216497951116,0.017857087364972307,0.021597032486643686,0.91
DenseNet-201,1,s1.d1,16,0.938841246200794,0.957116532499501,0.009721219161883874,0.019094107852239528,0.95
DenseNet-201,1,s1.d1,32,0.9748259299579487,0.9807835522076204,0.006484628630899631,0.006074349673036217,1.0
DenseNet-201,1,s1.d1,64,0.9908988317346492,0.9923211362882669,0.003779665900475573,0.0014333107515352994,1.0
DenseNet-201,2,s1.d2,4,0.7510187653843141,0.7808543633259394,0.028282448808813702,0.038208914930749405,0.835
DenseNet-201,2,s1.d2,8,0.8830414802675844,0.9041253934360752,0.017373357010287655,0.023319678134868682,0.92
DenseNet-201,2,s1.d2,16,0.9338890802542957,0.9564536537511895,0.009795037107651764,0.023591915205087077,0.945
DenseNet-201,2,s1.d2,32,0.9775231284939475,0.9806209171507985,0.006411539977480154,0.0031590073214546877,1.0
DenseNet-201,2,s1.d2,64,0.9890399264177914,0.9923412008647913,0.003728067340775997,0.0033267533829322016,1.0
DenseNet-201,3,s1.d3,4,0.744695452851862,0.783881355196288,0.028696513828286443,0.049989583352972655,0.84
DenseNet-201,3,s1.d3,8,0.8708077295282902,0.9048469057839569,0.016826614037786687,0.037618713218867894,0.905
DenseNet-201,3,s1.d3,16,0.9311157467668798,0.9562930061081283,0.01000763730031493,0.026327976028721167,0.94
DenseNet-201,3,s1.d3,32,0.977530195992962,0.9805821437614148,0.00659310685735585,0.0031123835854749426,1.0
DenseNet-201,3,s1.d3,64,0.9895055108191897,0.9922702079874354,0.0036743129963537216,0.002786234178947189,1.0
DenseNet-201,4,s1.d4,4,0.746864624718749,0.7833238741033763,0.028236713703928988,0.046544284669428726,0.845
DenseNet-201,4,s1.d4,8,0.8716571847023826,0.9050447113235329,0.016748535774770236,0.036890472043446976,0.89
DenseNet-201,4,s1.d4,16,0.9315835000523353,0.9562330648702013,0.009859823756643332,0.025777779208264406,0.935
DenseNet-201,4,s1.d4,32,0.9760575189965656,0.9804924307014702,0.006520940176631672,0.004523147314591469,1.0
DenseNet-201,4,s1.d4,64,0.9896756430146187,0.9922861648284187,0.003642260302607176,0.002630815490863303,1.0
DenseNet-201,5,s1.d5,4,0.746864624718749,0.7821879717589504,0.027171913774374813,0.04515966534331606,0.845
DenseNet-201,5,s1.d5,8,0.876136945859225,0.905262568132799,0.017199834197004566,0.032173673472050024,0.895
DenseNet-201,5,s1.d5,16,0.9304949052591265,0.9562611751764222,0.009860552226640605,0.026944803978413145,0.93
DenseNet-201,5,s1.d5,32,0.9760477556462616,0.9804865507062382,0.006591575781695909,0.004527135080822364,1.0
DenseNet-201,5,s1.d5,64,0.9894316925988843,0.9922962236638467,0.0036919956088228728,0.0028867700961168197,1.0
DenseNet-201,6,s1.d6,4,0.7315826716072706,0.7810521823847075,0.029334748554347465,0.06333701114104395,0.825
DenseNet-201,6,s1.d6,8,0.8692820165400201,0.9044715549245614,0.01794729511242453,0.03890618581971472,0.89
DenseNet-201,6,s1.d6,16,0.9308555698144281,0.9559460587180055,0.01017402944600733,0.02624676222550215,0.935
DenseNet-201,6,s1.d6,32,0.9757430156149168,0.9804882050201763,0.006513547616685006,0.004839619060141409,1.0
DenseNet-201,6,s1.d6,64,0.988670182649448,0.9922775543525922,0.0037001892119453866,0.0036354462391300357,1.0
DenseNet-201,7,down1,4,0.7003571091180879,0.7841513178544582,0.028753497299184985,0.10685974355771333,0.79
DenseNet-201,7,down1,8,0.8497706202728679,0.9064307673851989,0.01724607060100325,0.06250907311518106,0.85
DenseNet-201,7,down1,16,0.9114347025477681,0.9584674914869585,0.011068634758214265,0.04907082332675061,0.91
DenseNet-201,7,down1,32,0.9622649440011105,0.9817315370616579,0.006466745237152305,0.019828835405258927,0.995
DenseNet-201,7,down1,64,0.9792362027083211,0.9926344191540862,0.0035115408142907018,0.01349763436289364,1.0
DenseNet-201,8,s2.d1,4,0.7013007184957922,0.7837692125415798,0.028156641910243557,0.10522037957878139,0.79
DenseNet-201,8,s2.d1,8,0.8434422659849141,0.9066692711862752,0.017059862360082854,0.06973546717717205,0.83
DenseNet-201,8,s2.d1,16,0.9172454105376192,0.9581120423067178,0.010653614633739998,0.04265329101877213,0.915
DenseNet-201,8,s2.d1,32,0.963324841991491,0.9817163751443924,0.006300996582800441,0.018734059671966063,0.995
DenseNet-201,8,s2.d1,64,0.9792385326024143,0.9925509501438755,0.003543705006378551,0.013412326631223825,1.0
DenseNet-201,9,s2.d2,4,0.6934698903626793,0.7822901527001824,0.030661553307525326,0.11353877078846997,0.785
DenseNet-201,9,s2.d2,8,0.847209471353784,0.9067138014379794,0.016984529924314998,0.0656263641182323,0.86
DenseNet-201,9,s2.d2,16,0.9177640426881095,0.9581815016706757,0.011045533718917465,0.042181422738901464,0.925
DenseNet-201,9,s2.d2,32,0.96294017960204,0.9817891440125563,0.006196637311375399,0.019198587115641708,0.99
DenseNet-201,9,s2.d2,64,0.979433634650492,0.9925216421024902,0.0034761530805561174,0.01318662172874474,1.0
DenseNet-201,10,s2.d3,4,0.7056390622295663,0.7823674834810808,0.03129087763871178,0.09807209894526492,0.8
DenseNet-201,10,s2.d3,8,0.8431937661348908,0.9067298594737965,0.017173029013650098,0.07007168968250099,0.845
DenseNet-201,10,s2.d3,16,0.9156266712287953,0.9581772676123345,0.011023908661269797,0.04440785418503024,0.92
DenseNet-201,10,s2.d3,32,0.9626837792440298,0.9816960055475955,0.006188088512428915,0.019366714539049812,0.99
DenseNet-201,10,s2.d3,64,0.9794782713753262,0.9925007868486108,0.0035453289751762344,0.013120911989030981,1.0
DenseNet-201,11,s2.d4,4,0.7134698903626793,0.7837495887939592,0.030089684162567683,0.0896711136262629,0.805
DenseNet-201,11,s2.d4,8,0.8393652054979702,0.9066548379983468,0.016959875002126947,0.07421747469956064,0.84
DenseNet-201,11,s2.d4,16,0.9156029282350937,0.9581382303814787,0.011087021083443232,0.04439370103147822,0.925
DenseNet-201,11,s2.d4,32,0.9622417491314508,0.9816765520926386,0.006101012091681711,0.0197975625675878,0.985
DenseNet-201,11,s2.d4,64,0.9795889113106281,0.992506008072088,0.003581268614533831,0.013014628280740514,1.0
DenseNet-201,12,s2.d5,4,0.7031879372512012,0.7837457917624119,0.029337457595754676,0.10278569321572995,0.79
DenseNet-201,12,s2.d5,8,0.8368836092345464,0.9074538158589829,0.016521328551236884,0.07776727078681767,0.83
DenseNet-201,12,s2.d5,16,0.9122102004080395,0.9579835298955699,0.011181566539020497,0.04778091486867231,0.91
DenseNet-201,12,s2.d5,32,0.9633829412479432,0.98166116529941,0.006250176809268895,0.018619687421261966,0.985
DenseNet-201,12,s2.d5,64,0.9801187525838769,0.9924628499533593,0.0036393301843296345,0.012437843260392545,1.0
DenseNet-201,13,s2.d6,4,0.6994134997403837,0.7835467692628447,0.02888659108855788,0.10737491726449588,0.79
DenseNet-201,13,s2.d6,8,0.8316757947879256,0.9064900172578783,0.016881458658004545,0.08253176653424688,0.83
DenseNet-201,13,s2.d6,16,0.9120136773846531,0.9579637989953436,0.011256336104988733,0.04796644889804835,0.915
DenseNet-201,13,s2.d6,32,0.9616828945522513,0.9816958627571583,0.006314967184424402,0.02038611851607397,0.985
DenseNet-201,13,s2.d6,64,0.9800466406626834,0.9924587126477643,0.0036598638878742352,0.012506386237435385,1.0
DenseNet-201,14,s2.d7,4,0.6981879372512012,0.7847947012917958,0.03108476524228839,0.11035594901193557,0.785
DenseNet-201,14,s2.d7,8,0.8408586290500369,0.9065004521169396,0.01737639381487844,0.07241234454280765,0.855
DenseNet-201,14,s2.d7,16,0.9115408222029427,0.9578179858474135,0.011191995768179388,0.048315195922665644,0.92
DenseNet-201,14,s2.d7,32,0.9629975462340213,0.9817526536727764,0.0064359010600112156,0.019103699255195727,0.99
DenseNet-201,14,s2.d7,64,0.9797047733478391,0.9924182026379303,0.003681306248001164,0.012810556332298106,1.0
DenseNet-201,15,s2.d8,4,0.695357109118088,0.7843607539482352,0.030092683943756998,0.11347284318106143,0.785
DenseNet-201,15,s2.d8,8,0.8432015077761961,0.9061728623723279,0.01692009438843876,0.06949154759642118,0.855
DenseNet-201,15,s2.d8,16,0.9127108734207073,0.9577239957157329,0.011335688184956925,0.04700009866766053,0.92
DenseNet-201,15,s2.d8,32,0.963893525412827,0.9816713121409619,0.0065199561689189495,0.018109714023691548,0.985
DenseNet-201,15,s2.d8,64,0.979918407149371,0.992436764186885,0.003694182607014802,0.012613757862719344,1.0
DenseNet-201,16,s2.d9,4,0.705357109118088,0.7846514308246415,0.03064379994612737,0.10105674773729512,0.795
DenseNet-201,16,s2.d9,8,0.8403288304144292,0.9060819466314766,0.017195097401560635,0.07256861971645778,0.845
DenseNet-201,16,s2.d9,16,0.9113108099759083,0.9575497935105556,0.011322964442454201,0.04828885541829275,0.92
DenseNet-201,16,s2.d9,32,0.9630843191671571,0.9817176164814835,0.006480975086621042,0.018980302483629585,0.985
DenseNet-201,16,s2.d9,64,0.9795427242024857,0.9924229692350631,0.003704601594730171,0.012978584164073936,1.0
DenseNet-201,17,s2.d10,4,0.7103571091180879,0.7858844006677695,0.03127047922162054,0.09610483613812126,0.8
DenseNet-201,17,s2.d10,8,0.8377542437726447,0.9060516170462507,0.017236034078798732,0.07537911967560629,0.84
DenseNet-201,17,s2.d10,16,0.9101659790894427,0.9576625174377312,0.01160163374836856,0.04959632175577633,0.91
DenseNet-201,17,s2.d10,32,0.9625426115423855,0.9816416958779051,0.006692515984894861,0.019456268428409418,0.985
DenseNet-201,17,s2.d10,64,0.9799315265407322,0.9924068774687302,0.0037132535467248014,0.01257080257224552,1.0
DenseNet-201,18,s2.d11,4,0.7025262809849749,0.7853277841051073,0.03065115479019902,0.10543559618801202,0.795
DenseNet-201,18,s2.d11,8,0.8356307990646619,0.9060149974931281,0.017066872217995896,0.07768546726402292,0.85
DenseNet-201,18,s2.d11,16,0.9099416730593388,0.9576568602410187,0.011604740359930917,0.04982493120727094,0.91
DenseNet-201,18,s2.d11,32,0.9615829968000534,0.981586742886355,0.006636648788970303,0.020378989662676705,0.985
DenseNet-201,18,s2.d11,64,0.979672843648536,0.9924269076647431,0.003745750656735274,0.012851388769998473,1.0
DenseNet-201,19,s2.d12,4,0.6872443278734967,0.7858994758237761,0.030643504160382206,0.1255315100533304,0.775
DenseNet-201,19,s2.d12,8,0.8316285315684692,0.9065573331202669,0.017439736690460936,0.08265202741662381,0.85
DenseNet-201,19,s2.d12,16,0.9080203467165814,0.9575585785038819,0.01187303567679557,0.051733891690157074,0.91
DenseNet-201,19,s2.d12,32,0.9615443807894778,0.98151056662904,0.006778015919494507,0.020342303504826575,0.985
DenseNet-201,19,s2.d12,64,0.9794301390809248,0.9924079440890271,0.0038070225920734464,0.013077086983634745,1.0
DenseNet-201,20,down2,4,0.5769623747620184,0.7814824456669041,0.024986612145506088,0.2617078247104472,0.66
DenseNet-201,20,down2,8,0.7546066038133872,0.9057632747415018,0.01413898784606136,0.16688319690512243,0.71
DenseNet-201,20,down2,16,0.8565367754783523,0.9576135404767652,0.009220727640172285,0.1055506848285479,0.795
DenseNet-201,20,down2,32,0.9318526556870349,0.9811069157428847,0.0055289479117989196,0.050202744742202654,0.935
DenseNet-201,20,down2,64,0.9718488410879053,0.9923929004731924,0.00321841406641898,0.020701538045557744,1.0
DenseNet-201,21,s3.d1,4,0.5976240310282444,0.7858747386336258,0.0256691128031998,0.23954289195334955,0.675
DenseNet-201,21,s3.d1,8,0.7562878262733201,0.9060687251444045,0.013998221484110512,0.1653085408584355,0.715
DenseNet-201,21,s3.d1,16,0.8655233777809382,0.957613039161477,0.009066801652908811,0.09616583903366227,0.81
DenseNet-201,21,s3.d1,32,0.9303762041727225,0.9809756534371701,0.005810520293512635,0.05158073912146122,0.915
DenseNet-201,21,s3.d1,64,0.9711546204954131,0.9923579526841254,0.0031669285568298273,0.021366616885934775,1.0
DenseNet-201,22,s3.d2,4,0.56668042165054,0.7859756031638752,0.026268978211195802,0.27901016345874075,0.645
DenseNet-201,22,s3.d2,8,0.7251531943833929,0.9060647081243133,0.014037766207344935,0.19966732190180292,0.67
DenseNet-201,22,s3.d2,16,0.8494307443925122,0.9574123861432677,0.009251114155110093,0.11278488069883519,0.78
DenseNet-201,22,s3.d2,32,0.9224989096509972,0.9809128645188412,0.0059578970322494654,0.0595506053399526,0.905
DenseNet-201,22,s3.d2,64,0.9685670361685375,0.992231316958611,0.0033214530713105875,0.02384956046601039,1.0
DenseNet-201,23,s3.d3,4,0.5729059841397227,0.7870785356651732,0.02668981659060191,0.27211077652428883,0.655
DenseNet-201,23,s3.d3,8,0.7358032310780636,0.9060907867906965,0.014970918991615881,0.18793652710649267,0.66
DenseNet-201,23,s3.d3,16,0.8465571828205241,0.9573313578319825,0.008957127347235866,0.11571142437277193,0.78
DenseNet-201,23,s3.d3,32,0.919428623741625,0.9810021195822436,0.005983869647105834,0.06276591519174235,0.915
DenseNet-201,23,s3.d3,64,0.9675910344255294,0.9922597379933326,0.003374606079787101,0.024861135268565038,1.0
DenseNet-201,24,s3.d4,4,0.5807368122728357,0.7851371072287009,0.026763372890524804,0.26033707116115945,0.66
DenseNet-201,24,s3.d4,8,0.7398189362969566,0.9061393651271422,0.014277374910230912,0.18354839799598466,0.675
DenseNet-201,24,s3.d4,16,0.8495004548448262,0.9575303979757654,0.008229999845525547,0.11282142411281804,0.81
DenseNet-201,24,s3.d4,32,0.9189244378204342,0.9810162738164664,0.005796577551640302,0.06329338019488207,0.905
DenseNet-201,24,s3.d4,64,0.9683413081511371,0.9922449308840714,0.00338102114342608,0.024090445805187044,0.995
DenseNet-201,25,s3.d5,4,0.5897932028951314,0.7841181220709634,0.027783846715771082,0.24782607837527504,0.67
DenseNet-201,25,s3.d5,8,0.7255954166314428,0.9056662156223811,0.014657651948512833,0.19882689216489347,0.655
DenseNet-201,25,s3.d5,16,0.8536000104588999,0.9574503757971418,0.00874209721865891,0.10846553300663697,0.805
DenseNet-201,25,s3.d5,32,0.9212082723914601,0.9810440878717226,0.005851879089385532,0.06099197397954903,0.91
DenseNet-201,25,s3.d5,64,0.9692329643675902,0.9922516850160191,0.00335689621613484,0.02319846969880157,0.995
DenseNet-201,26,s3.d6,4,0.5891315466289054,0.7835747386336257,0.029159160418845254,0.2481488777238844,0.675
DenseNet-201,26,s3.d6,8,0.7200467662823317,0.9051051085225558,0.014374859413468019,0.20446060959958923,0.655
DenseNet-201,26,s3.d6,16,0.8537152171176524,0.9573807423382144,0.008922857072330509,0.10828035350635867,0.8
DenseNet-201,26,s3.d6,32,0.9201489818778534,0.9809693056375925,0.005976929931948666,0.06200023121030096,0.915
DenseNet-201,26,s3.d6,64,0.9687619700170182,0.9922203069765656,0.0033843745207583855,0.02364226653557233,0.995
DenseNet-201,27,s3.d7,4,0.5872443278734967,0.7834059794162552,0.029873693802812833,0.25039590799259137,0.675
DenseNet-201,27,s3.d7,8,0.7154701368168784,0.9053024170878436,0.01484026855676335,0.2096893553886815,0.65
DenseNet-201,27,s3.d7,16,0.8499737567012451,0.9574239012296631,0.008967196591926699,0.11222839161463893,0.79
DenseNet-201,27,s3.d7,32,0.9201752115842239,0.9809392265249198,0.0060494533815751775,0.061944729395682185,0.91
DenseNet-201,27,s3.d7,64,0.9684535459766334,0.9922334774717834,0.0033725280424007392,0.023966064474806315,1.0
DenseNet-201,28,s3.d8,4,0.5713984685390617,0.7820889492593832,0.028344291780808367,0.2693945246507313,0.645
DenseNet-201,28,s3.d8,8,0.7179633526518577,0.9052127388730489,0.01527313792980991,0.20685677319820817,0.675
DenseNet-201,28,s3.d8,16,0.8499280365985323,0.9573926552224958,0.008958222310767304,0.11224717260755357,0.8
DenseNet-201,28,s3.d8,32,0.9154546100351603,0.980837154439283,0.006184205675955714,0.06665993851089391,0.9
DenseNet-201,28,s3.d8,64,0.9680096677780305,0.9922334697370797,0.003388861280110643,0.024413409442303857,1.0
DenseNet-201,29,s3.d9,4,0.5513984685390618,0.7836296261357895,0.029199120352957162,0.29635321311408147,0.625
DenseNet-201,29,s3.d9,8,0.703130481695076,0.905641854220896,0.015094473047415723,0.22361088059477574,0.665
DenseNet-201,29,s3.d9,16,0.8396360128619503,0.957943247173076,0.008827837302433344,0.12350129786942432,0.77
DenseNet-201,29,s3.d9,32,0.9132033005356086,0.9809864086209061,0.006075081376944871,0.06909688808083347,0.88
DenseNet-201,29,s3.d9,64,0.9671463214041693,0.9922541414698983,0.0034066924463295226,0.025303819874749944,0.995
DenseNet-201,30,s3.d10,4,0.5604548591613575,0.7841239870735598,0.029311752112198292,0.28524714407342766,0.635
DenseNet-201,30,s3.d10,8,0.7056811748678556,0.9060658463300926,0.015158814887213054,0.22115906065091206,0.66
DenseNet-201,30,s3.d10,16,0.8387902184591965,0.9580064693941899,0.008882230840057537,0.12444201030331403,0.755
DenseNet-201,30,s3.d10,32,0.9130089628104843,0.9810318280929367,0.006018742558033373,0.06933808194040403,0.885
DenseNet-201,30,s3.d10,64,0.9670234787184349,0.9922529177665185,0.003416569189161616,0.025426419611718654,0.995
DenseNet-201,31,s3.d11,4,0.5532856872944705,0.7845531598851402,0.02944024902982497,0.294776038661966,0.625
DenseNet-201,31,s3.d11,8,0.703297610738294,0.9064690788538741,0.015505255682626558,0.2241350233065501,0.67
DenseNet-201,31,s3.d11,16,0.8406658232073138,0.9579343144799055,0.009023080709259997,0.12241809224284939,0.77
DenseNet-201,31,s3.d11,32,0.9118430155540201,0.9809313237312157,0.0061268055525517,0.07043134061047318,0.885
DenseNet-201,31,s3.d11,64,0.9676371458214487,0.9922345738057727,0.003408041450733697,0.024789932374538415,0.995
DenseNet-201,32,s3.d12,4,0.562342077916766,0.7854795131656062,0.02855402617733844,0.2840779823137094,0.635
DenseNet-201,32,s3.d12,8,0.7091889151410403,0.9058072638875676,0.015681859849999008,0.21706422170062478,0.67
DenseNet-201,32,s3.d12,16,0.8365279946604407,0.9580746514034274,0.00881514072387936,0.12686553867690809,0.76
DenseNet-201,32,s3.d12,32,0.9118095401982754,0.9809239911064975,0.005998524677699746,0.07045851822857341,0.87
DenseNet-201,32,s3.d12,64,0.9682857499600382,0.992247410336779,0.00337883220365917,0.024148876708690925,0.995
DenseNet-201,33,s3.d13,4,0.5563984685390618,0.7836945883216125,0.0278575414300207,0.2900315035597425,0.63
DenseNet-201,33,s3.d13,8,0.712984022516506,0.9062481557831462,0.015006192419956127,0.2132574086174316,0.655
DenseNet-201,33,s3.d13,16,0.8378857024057408,0.9575735320611924,0.009053543779187462,0.12499074551258915,0.755
DenseNet-201,33,s3.d13,32,0.9126504286087064,0.9809452968530213,0.0059628088588667034,0.06962148497312981,0.87
DenseNet-201,33,s3.d13,64,0.968767309577622,0.992232604689314,0.0034162344811074935,0.023648986135704875,0.995
DenseNet-201,34,s3.d14,4,0.5426240310282444,0.7835482723829769,0.02807922918011204,0.3074784921955329,0.62
DenseNet-201,34,s3.d14,8,0.7071752527458162,0.9061069574640176,0.015742814310765484,0.21954549965598424,0.655
DenseNet-201,34,s3.d14,16,0.8326209642076569,0.957409525199276,0.009218391816069352,0.1303397947348034,0.755
DenseNet-201,34,s3.d14,32,0.908970601223487,0.9809434695837597,0.005918409565233413,0.07337106631721868,0.86
DenseNet-201,34,s3.d14,64,0.9669635210167111,0.9922182563534467,0.0033917783430579993,0.02545280252104065,0.995
DenseNet-201,35,s3.d15,4,0.5423420779167661,0.7827982723829768,0.02969778841135837,0.3071751726459735,0.615
DenseNet-201,35,s3.d15,8,0.7034719719234599,0.9055104335743368,0.016244209899330807,0.2231210753181132,0.645
DenseNet-201,35,s3.d15,16,0.829427839859722,0.9572703760552734,0.009324429590936507,0.13354903629460035,0.74
DenseNet-201,35,s3.d15,32,0.9113161318217152,0.9808857464423665,0.005797770241645686,0.0709252987648944,0.865
DenseNet-201,35,s3.d15,64,0.9657181425279306,0.9921924357779845,0.003431613954454594,0.02668261951553308,0.995
DenseNet-201,36,s3.d16,4,0.5295112497836532,0.7834747386336258,0.03119669660756575,0.32415019441837156,0.605
DenseNet-201,36,s3.d16,8,0.697984022516506,0.9056767729043074,0.016094700756663267,0.22932326035233974,0.64
DenseNet-201,36,s3.d16,16,0.8205823924577278,0.9574052482233807,0.0091838144849185,0.14291007493383778,0.735
DenseNet-201,36,s3.d16,32,0.9069064545737001,0.9809153982355058,0.005851755831074743,0.07544885501332199,0.855
DenseNet-201,36,s3.d16,64,0.9632493404412753,0.992134006322065,0.003459465933741981,0.029113673855276856,0.995
DenseNet-201,37,s3.d17,4,0.5092292966721748,0.7829379717589505,0.0310382295381207,0.3495917747760543,0.58
DenseNet-201,37,s3.d17,8,0.6916047687068055,0.9060572093430334,0.01579452154115953,0.23668752748154132,0.64
DenseNet-201,37,s3.d17,16,0.8047155655176104,0.9573616609882556,0.009065522037860789,0.15944454607997693,0.715
DenseNet-201,37,s3.d17,32,0.9012626173236188,0.9809051565318672,0.005842633846597925,0.0811929050203346,0.845
DenseNet-201,37,s3.d17,64,0.9589398115493808,0.9921391648756511,0.0035263832123205397,0.03346239570174747,0.99
DenseNet-201,38,s3.d18,4,0.5004548591613575,0.782640791290065,0.030931104770980374,0.3605561264747864,0.575
DenseNet-201,38,s3.d18,8,0.6790101665262668,0.9065238794613159,0.016129416580742635,0.25097376703440477,0.62
DenseNet-201,38,s3.d18,16,0.7987583322995551,0.9575191324519509,0.008967829187914266,0.1658043111325116,0.715
DenseNet-201,38,s3.d18,32,0.8942297074822599,0.9809354395871418,0.005804421440600524,0.08839086509238037,0.835
DenseNet-201,38,s3.d18,64,0.9564182623556537,0.9921632261543804,0.003517101988461967,0.03602730161374146,0.99
DenseNet-201,39,s3.d19,4,0.5095112497836531,0.7823031598851402,0.02933358733165876,0.34870357693753795,0.585
DenseNet-201,39,s3.d19,8,0.6760729102920925,0.9062026673227267,0.015874454326025304,0.25394954719182916,0.61
DenseNet-201,39,s3.d19,16,0.7975033284148665,0.9574963126057803,0.008709696807687305,0.16709514395465452,0.71
DenseNet-201,39,s3.d19,32,0.8918375882624758,0.9809489384922556,0.005883471039332976,0.09084198650211728,0.83
DenseNet-201,39,s3.d19,64,0.955128431354878,0.9921632953596444,0.0035274278510841065,0.03732738771730293,0.99
DenseNet-201,40,s3.d20,4,0.49762403102824443,0.7820841747274028,0.02850008993527339,0.36372062354836365,0.575
DenseNet-201,40,s3.d20,8,0.6764678693206859,0.9059846115219545,0.016644889943916108,0.2533340404266975,0.615
DenseNet-201,40,s3.d20,16,0.7951687545032492,0.9572352968416316,0.00886090050987969,0.16930690173368657,0.71
DenseNet-201,40,s3.d20,32,0.8904911325676969,0.9809129366436439,0.005897698713847067,0.09218127389097364,0.825
DenseNet-201,40,s3.d20,64,0.955102135836955,0.9921568313814139,0.0035726682507130334,0.03734761921950014,0.99
DenseNet-201,41,s3.d21,4,0.5076240310282445,0.7821700770718291,0.02795267009952178,0.351005560160763,0.585
DenseNet-201,41,s3.d21,8,0.6700886155109856,0.9059685469648283,0.016403592564185093,0.26036216405534884,0.615
DenseNet-201,41,s3.d21,16,0.7914250967233771,0.9571905648747332,0.009062702727766136,0.17317917062110788,0.705
DenseNet-201,41,s3.d21,32,0.891009096588254,0.9809454393740026,0.0059239267722040224,0.09168332832368542,0.815
DenseNet-201,41,s3.d21,64,0.954215326848836,0.9921518204946419,0.0035808623682630314,0.03823658119872464,0.99
DenseNet-201,42,s3.d22,4,0.5216804216505401,0.7814512048842751,0.029482016787284286,0.33242099008882375,0.6
DenseNet-201,42,s3.d22,8,0.671853268556829,0.9059968707270076,0.016193614265371404,0.25843753961566396,0.605
DenseNet-201,42,s3.d22,16,0.7857404796524858,0.9574258183295954,0.009201049632582128,0.17931972941428098,0.695
DenseNet-201,42,s3.d22,32,0.8920331235210628,0.98081229689652,0.00615098591518348,0.09051596687395924,0.815
DenseNet-201,42,s3.d22,64,0.9555246489528466,0.992119361806677,0.0035382194230328765,0.0368853932929909,0.995
DenseNet-201,43,s3.d23,4,0.5245112497836532,0.7830804906660389,0.030636656886236735,0.3301949722466755,0.6
DenseNet-201,43,s3.d23,8,0.672556774051709,0.9058857362017484,0.016200551888306547,0.2575699702794251,0.61
DenseNet-201,43,s3.d23,16,0.7814610602903096,0.9573383540373335,0.00909543752033754,0.18371487259995978,0.685
DenseNet-201,43,s3.d23,32,0.8910402033282239,0.980843912677743,0.006092791497091014,0.0915575946272138,0.815
DenseNet-201,43,s3.d23,64,0.9547560482894373,0.9921080512159713,0.0036094877908954145,0.03764912791580899,0.985
DenseNet-201,44,s3.d24,4,0.5276240310282445,0.7834257161340585,0.030609044994047235,0.32651683476527804,0.605
DenseNet-201,44,s3.d24,8,0.6721836487130151,0.9058243436588407,0.01641165529791718,0.25793156982522136,0.61
DenseNet-201,44,s3.d24,16,0.7794940601128666,0.9572902744981294,0.009172509583982037,0.1857286333327418,0.675
DenseNet-201,44,s3.d24,32,0.8898484229525294,0.9808973159976194,0.006138586795573076,0.0928220432048883,0.815
DenseNet-201,44,s3.d24,64,0.9545224145599914,0.9921025222084235,0.0036320567919635345,0.037879258249216674,0.985
DenseNet-201,45,s3.d25,4,0.5213984685390618,0.7835266936344913,0.030188395875131002,0.334549195611337,0.595
DenseNet-201,45,s3.d25,8,0.6596090620712306,0.9060705436641951,0.016881855677974806,0.27201136083318833,0.595
DenseNet-201,45,s3.d25,16,0.7746657697301768,0.957396015925835,0.008977087909054847,0.19086171569133992,0.665
DenseNet-201,45,s3.d25,32,0.8872411626522109,0.980877409553084,0.006077901300530419,0.0954617223201587,0.81
DenseNet-201,45,s3.d25,64,0.9540039613706367,0.9920986086025501,0.003650057847240032,0.03839804521606249,0.985
DenseNet-201,46,s3.d26,4,0.5129059841397228,0.7832861297282683,0.027345860672743697,0.3451869442426406,0.595
DenseNet-201,46,s3.d26,8,0.6661670644957046,0.9059916500148727,0.01697135208450761,0.2647094876815158,0.615
DenseNet-201,46,s3.d26,16,0.7798086378357033,0.9572734468409824,0.008999214609552605,0.18538570101460117,0.67
DenseNet-201,46,s3.d26,32,0.8873887312917581,0.9807444770618592,0.006148163867380654,0.09518865306259872,0.8
DenseNet-201,46,s3.d26,64,0.9535132887637091,0.992105021834889,0.003630600427157505,0.03889883855219767,0.985
DenseNet-201,47,s3.d27,4,0.5035676404059487,0.7832089119175529,0.0295976105222466,0.35704556888525496,0.58
DenseNet-201,47,s3.d27,8,0.6563748789423254,0.905731065822605,0.016673557611543145,0.2753093012811798,0.6
DenseNet-201,47,s3.d27,16,0.7745822052085677,0.9573203606383193,0.008934503647106582,0.1908850609924414,0.665
DenseNet-201,47,s3.d27,32,0.8871607453869327,0.9808107931547712,0.006048066324699015,0.09548227692989975,0.805
DenseNet-201,47,s3.d27,64,0.9526038739050875,0.99209681386229,0.0035972977095382855,0.03980754640613571,0.985
DenseNet-201,48,s3.d28,4,0.5063984685390618,0.7835824456669042,0.028492084160088325,0.3537393909991591,0.58
DenseNet-201,48,s3.d28,8,0.6593812320858555,0.906181732066928,0.016898849845484044,0.27235210250612785,0.595
DenseNet-201,48,s3.d28,16,0.7710698520677588,0.9571114848569208,0.008909304140817701,0.19437822629092516,0.655
DenseNet-201,48,s3.d28,32,0.887036326054301,0.9807584615850646,0.00612049648032424,0.0955608737540673,0.81
DenseNet-201,48,s3.d28,64,0.953001988289001,0.992137839161885,0.0035458346034440997,0.03944598152404344,0.985
DenseNet-201,49,s3.d29,4,0.5054548591613575,0.7840079344171208,0.02914054738190744,0.35529369414208367,0.58
DenseNet-201,49,s3.d29,8,0.6580426636795578,0.9059436376564078,0.016771352868321758,0.27363840715096455,0.59
DenseNet-201,49,s3.d29,16,0.7698267243682211,0.957157892364524,0.00888152869081883,0.19571605634837064,0.66
DenseNet-201,49,s3.d29,32,0.8860141747189754,0.9808089449162655,0.006070317745361996,0.09664957756414327,0.81
DenseNet-201,49,s3.d29,64,0.9525602364105882,0.9921631099217022,0.0035716118732617916,0.03991568837329518,0.985
DenseNet-201,50,s3.d30,4,0.49545485916135745,0.784511731448668,0.02783687151540647,0.3684544930303876,0.57
DenseNet-201,50,s3.d30,8,0.6492547884460399,0.9059569820246464,0.016698237193215695,0.28334920826475063,0.57
DenseNet-201,50,s3.d30,16,0.7649013601273237,0.9568667751975424,0.009033932639721104,0.20061874865556706,0.635
DenseNet-201,50,s3.d30,32,0.8814545359671451,0.9806895760538759,0.005997274096647653,0.10118904341375312,0.795
DenseNet-201,50,s3.d30,64,0.9518694603780986,0.9921414960745614,0.003548021057101775,0.04059102038953144,0.985
DenseNet-201,51,s3.d31,4,0.49045485916135745,0.7843711675424448,0.02821300721921828,0.37471584951544334,0.565
DenseNet-201,51,s3.d31,8,0.6468054816188197,0.9058263269865872,0.01673515930142806,0.2859497871180806,0.56
DenseNet-201,51,s3.d31,16,0.7650765499625859,0.9569722761618127,0.008996827039570242,0.20052380928826352,0.64
DenseNet-201,51,s3.d31,32,0.8822403812850516,0.9807051366861775,0.005975747672553443,0.10040199823347551,0.8
DenseNet-201,51,s3.d31,64,0.9516357537597671,0.9921464187817474,0.003535170484659209,0.04083133724528598,0.985
DenseNet-201,52,s3.d32,4,0.49045485916135745,0.7849749645739922,0.027921934821220126,0.3751968135346476,0.565
DenseNet-201,52,s3.d32,8,0.6466195008620984,0.9059913876834351,0.016444999126411085,0.28628515717410385,0.57
DenseNet-201,52,s3.d32,16,0.7640305602919625,0.9569232940136057,0.00903582926296995,0.2015759621783234,0.64
DenseNet-201,52,s3.d32,32,0.8799728242213436,0.9807406277798044,0.0059707056123589845,0.10274663932968542,0.795
DenseNet-201,52,s3.d32,64,0.9515362857293522,0.9921652495094396,0.003516601920193527,0.04094979520818309,0.985
DenseNet-201,53,s3.d33,4,0.5013984685390618,0.7833701900420125,0.02705173675003353,0.35994696388412284,0.575
DenseNet-201,53,s3.d33,8,0.6434576382469055,0.9060620327338369,0.01652243240687651,0.2898304806952148,0.585
DenseNet-201,53,s3.d33,16,0.7571916577261701,0.9566526799028818,0.009133373342361282,0.20849889031509405,0.63
DenseNet-201,53,s3.d33,32,0.8786926958931298,0.9806882551590586,0.006038925717690194,0.10400405911803845,0.775
DenseNet-201,53,s3.d33,64,0.9503904329062345,0.9921084196747205,0.003595514261448443,0.04204982635079746,0.99
DenseNet-201,54,s3.d34,4,0.5013984685390618,0.7843853781682022,0.027707024782293588,0.36077535036413855,0.575
DenseNet-201,54,s3.d34,8,0.6448168765178514,0.9059814152892488,0.01581907926354216,0.2882669935210719,0.575
DenseNet-201,54,s3.d34,16,0.7557390267839367,0.9566386479966511,0.009112711135449161,0.2100057546634032,0.635
DenseNet-201,54,s3.d34,32,0.8783879432415153,0.9806869030567301,0.005920207294650727,0.10431357806080244,0.775
DenseNet-201,54,s3.d34,64,0.9502799809717954,0.9921038554289963,0.003595045515338843,0.042156750251832964,0.99
DenseNet-201,55,s3.d35,4,0.4851729060498791,0.7843022953548907,0.028001271313684524,0.3813955296020878,0.555
DenseNet-201,55,s3.d35,8,0.6393489426496519,0.9060646788459878,0.016105971485983396,0.29436721508230435,0.575
DenseNet-201,55,s3.d35,16,0.7546798165201668,0.9564348924237553,0.009157393851778068,0.21094491376439606,0.61
DenseNet-201,55,s3.d35,32,0.8757656624761145,0.9806943091347172,0.006072609931090294,0.10699424446664019,0.77
DenseNet-201,55,s3.d35,64,0.9491869989354551,0.9920907405659233,0.0035697437765199336,0.04324578375360544,0.985
DenseNet-201,56,s3.d36,4,0.48111651542758344,0.7841145509797827,0.028256392014111637,0.38642062588124526,0.55
DenseNet-201,56,s3.d36,8,0.6364439758516813,0.9058699498334858,0.016255504106953346,0.29742235519715554,0.565
DenseNet-201,56,s3.d36,16,0.7518909799960389,0.9564293654610451,0.009136012031012289,0.2138562374299421,0.61
DenseNet-201,56,s3.d36,32,0.8745573537342582,0.9806828037355756,0.0060977134156893304,0.10821587734287652,0.765
DenseNet-201,56,s3.d36,64,0.9485825470183361,0.9920986629903449,0.003545158331698376,0.04386268986679631,0.985
DenseNet-201,57,s3.d37,4,0.4751729060498792,0.7842494758237761,0.02881281947454626,0.3941049108757678,0.545
DenseNet-201,57,s3.d37,8,0.637782544257979,0.906115425469822,0.01626084300697576,0.29613543006699405,0.57
DenseNet-201,57,s3.d37,16,0.7528165028412255,0.9565192302657668,0.009153088851133561,0.21296250088766433,0.61
DenseNet-201,57,s3.d37,32,0.8733834792429676,0.9807087701917903,0.006088995293706411,0.1094364547467378,0.765
DenseNet-201,57,s3.d37,64,0.9487958401712377,0.9920755155077379,0.0035499366874463018,0.04362538401560068,0.985
DenseNet-201,58,s3.d38,4,0.46922929667217483,0.7848703030121956,0.02850462038766199,0.40215689793414977,0.54
DenseNet-201,58,s3.d38,8,0.6357281964593521,0.9057534312303029,0.016054417067252785,0.2981222322328607,0.565
DenseNet-201,58,s3.d38,16,0.7503389695077491,0.956487052360953,0.008987085352966662,0.2155262659796141,0.6
DenseNet-201,58,s3.d38,32,0.8709405677787726,0.9806748816392472,0.00612162476435117,0.11189673143972878,0.765
DenseNet-201,58,s3.d38,64,0.9474715097944068,0.9920878614924165,0.0035266084719175646,0.04497217779773299,0.985
DenseNet-201,59,s3.d39,4,0.4682856872944704,0.785090039729999,0.028108059050426567,0.40352613891838585,0.54
DenseNet-201,59,s3.d39,8,0.6262245418335052,0.9058100837513617,0.0163387193243228,0.30865801444820384,0.545
DenseNet-201,59,s3.d39,16,0.7505504466413115,0.9564064649784639,0.009090050804129472,0.2152390493740418,0.61
DenseNet-201,59,s3.d39,32,0.869603711508185,0.9806802108876989,0.00620531527791512,0.11326475047249995,0.76
DenseNet-201,59,s3.d39,64,0.9465231550031266,0.99207480614305,0.0035700746063838584,0.04591554070102577,0.985
DenseNet-201,60,s3.d40,4,0.4573420779167661,0.7846145509797827,0.029486814395304418,0.41711241864471804,0.53
DenseNet-201,60,s3.d40,8,0.6273759656578303,0.9056845058042878,0.016647301655808595,0.30729082628978766,0.54
DenseNet-201,60,s3.d40,16,0.7476571735595025,0.9565622607557118,0.009232728647617348,0.21839152114486338,0.605
DenseNet-201,60,s3.d40,32,0.8649417041315874,0.9806408032440805,0.006020637510864959,0.11798315828766892,0.755
DenseNet-201,60,s3.d40,64,0.9451964983557111,0.992072520315573,0.003541182127377411,0.04725060013248927,0.985
DenseNet-201,61,s3.d41,4,0.45328568729447044,0.7848230095731269,0.030570782660766353,0.4224357826345878,0.525
DenseNet-201,61,s3.d41,8,0.6258095672661574,0.9057996131963384,0.016601626389142,0.30910815355966725,0.535
DenseNet-201,61,s3.d41,16,0.7442229720674532,0.956707959990386,0.009129458242291598,0.2221001567971359,0.6
DenseNet-201,61,s3.d41,32,0.8640775671724618,0.980678277785383,0.0060150846000873,0.118898025228248,0.755
DenseNet-201,61,s3.d41,64,0.9446970870002719,0.9920727763293749,0.003541459689442275,0.04775424793369587,0.985
DenseNet-201,62,s3.d42,4,0.45517290604987914,0.7848701900420123,0.030190100621246916,0.42006600349350154,0.525
DenseNet-201,62,s3.d42,8,0.6244709988598597,0.9060912982021938,0.016386379437558274,0.3108078621890602,0.53
DenseNet-201,62,s3.d42,16,0.7403372174355958,0.956699442476274,0.009211206863267382,0.22615485640992627,0.6
DenseNet-201,62,s3.d42,32,0.8626668785813504,0.9806429506851937,0.005958113234097325,0.12030481840654772,0.755
DenseNet-201,62,s3.d42,64,0.9440950313158197,0.9920786010068562,0.003539081201493788,0.048366701632651,0.985
DenseNet-201,63,s3.d43,4,0.44706012480528784,0.7847135734793502,0.030343308968706243,0.4302887831759262,0.515
DenseNet-201,63,s3.d43,8,0.6162245418335052,0.9057679909234579,0.016202180882024086,0.3196662412355227,0.535
DenseNet-201,63,s3.d43,16,0.7343469725693785,0.9566674630276023,0.009328345778106099,0.23239056312695905,0.58
DenseNet-201,63,s3.d43,32,0.8577660299259563,0.9806611716677128,0.005960946308180293,0.1253186577508325,0.75
DenseNet-201,63,s3.d43,64,0.9435346234046068,0.9920538073923051,0.0035367750093215477,0.04890781490495455,0.985
DenseNet-201,64,s3.d44,4,0.4361165154275835,0.7844193255117631,0.028351790670480576,0.44402629914420233,0.505
DenseNet-201,64,s3.d44,8,0.6133195750355346,0.9057553533780617,0.016123506611415636,0.32286398004921824,0.525
DenseNet-201,64,s3.d44,16,0.7247882792973102,0.9566338515702603,0.009307386353452811,0.24235560124951538,0.56
DenseNet-201,64,s3.d44,32,0.8550874688449216,0.9804721326627535,0.006103939449558935,0.1278819250857378,0.72
DenseNet-201,64,s3.d44,64,0.9405711772659009,0.9920567349136151,0.0035634622144628523,0.05189779559552854,0.98
DenseNet-201,65,s3.d45,4,0.43300373418299215,0.7844372201988844,0.028708702526852526,0.44800715336632113,0.5
DenseNet-201,65,s3.d45,8,0.6130917450501594,0.9056963086355211,0.01616361982189686,0.32307138805300617,0.525
DenseNet-201,65,s3.d45,16,0.721417118220726,0.9566311815606929,0.009294000171357503,0.24587747908888746,0.56
DenseNet-201,65,s3.d45,32,0.8549654468131684,0.9805179328940602,0.006010940134880152,0.12804710844024614,0.725
DenseNet-201,65,s3.d45,64,0.9400462467375742,0.9920794008899001,0.003568918879190769,0.05244857831505412,0.98
DenseNet-201,66,s3.d46,4,0.4289473435606965,0.7843249645739925,0.028672308826880915,0.4530999739455188,0.495
DenseNet-201,66,s3.d46,8,0.6076561006181634,0.905826838398084,0.015992553233458242,0.329169688002646,0.525
DenseNet-201,66,s3.d46,16,0.7170542051033736,0.9566856696500872,0.009299651289156259,0.25048087595412616,0.545
DenseNet-201,66,s3.d46,32,0.8520096492886853,0.9804837602697227,0.006001482993877851,0.13103135022419476,0.72
DenseNet-201,66,s3.d46,64,0.9393387403720667,0.9920748944500101,0.003545817238268968,0.05315743234000436,0.985
DenseNet-201,67,s3.d47,4,0.4289473435606965,0.7842419947308644,0.028929148733226148,0.4530421139868921,0.495
DenseNet-201,67,s3.d47,8,0.6010574127902869,0.9054669877968078,0.016164425640856548,0.3361906939834589,0.515
DenseNet-201,67,s3.d47,16,0.717592862005543,0.9566965252648306,0.009236372151066484,0.24992634230912414,0.555
DenseNet-201,67,s3.d47,32,0.8496091096483086,0.9804619836903997,0.005994835858644783,0.13346042602240304,0.72
DenseNet-201,67,s3.d47,64,0.9381409875250235,0.9920708185899443,0.0035341488504215795,0.05436086825089026,0.98
DenseNet-201,68,s3.d48,4,0.42800373418299215,0.7840703030121956,0.02893364560704538,0.454125819408397,0.495
DenseNet-201,68,s3.d48,8,0.5961504031686476,0.9054426832456707,0.016157392488750106,0.34159233466697947,0.505
DenseNet-201,68,s3.d48,16,0.712029582261259,0.956664531248216,0.009188727763700983,0.25571654534716315,0.55
DenseNet-201,68,s3.d48,32,0.8485188154498549,0.9804569784958462,0.006073919706668064,0.1345680289291249,0.72
DenseNet-201,68,s3.d48,64,0.9376241885635034,0.99206818163025,0.0035156672207888474,0.05487928559232658,0.98
DenseNet-201,69,down3,4,0.1282969843128003,0.780309250828103,0.029741653656920372,0.835581874523921,0.15
DenseNet-201,69,down3,8,0.22441873600449713,0.9051738202800895,0.017255765367929585,0.7520711149875559,0.16
DenseNet-201,69,down3,16,0.38809819176784616,0.9550611433223071,0.010857099337793653,0.5936404758151975,0.21
DenseNet-201,69,down3,32,0.5554848593121822,0.9793423776176827,0.00610736027238054,0.43279809798138513,0.315
DenseNet-201,69,down3,64,0.7634180472906908,0.991811354166146,0.0029344222309614313,0.23027897988471224,0.57
DenseNet-201,70,s4.d1,4,0.1292405936905046,0.778901656765008,0.030370162498245833,0.8340732843896157,0.15
DenseNet-201,70,s4.d1,8,0.22061200905747616,0.9052295127932168,0.01691402315773323,0.7562916299792901,0.16
DenseNet-201,70,s4.d1,16,0.38073634344625873,0.9550135994765676,0.010669436640119894,0.6013288777720693,0.23
DenseNet-201,70,s4.d1,32,0.5405429638080119,0.979259013167991,0.006125674201540434,0.44800818114575547,0.325
DenseNet-201,70,s4.d1,64,0.751813033700616,0.9917883788706002,0.002965706476947243,0.24196224747385764,0.54
DenseNet-201,71,s4.d2,4,0.13235337493509594,0.7795543633259396,0.031217988624608863,0.8302191852657778,0.155
DenseNet-201,71,s4.d2,8,0.20951289020810904,0.904708591980007,0.017913313373940195,0.7684194755467305,0.16
DenseNet-201,71,s4.d2,16,0.3632441137635126,0.9551395997064124,0.010847580425332263,0.6196952635246561,0.205
DenseNet-201,71,s4.d2,32,0.5142088334887093,0.9792488055501439,0.0062547972280413405,0.4748946022968844,0.29
DenseNet-201,71,s4.d2,64,0.7332415695739948,0.9918174449009384,0.002969665326285254,0.26070914224821873,0.51
DenseNet-201,72,s4.d3,4,0.10801503120132196,0.7800618444188511,0.03136974959474475,0.8615301697241793,0.125
DenseNet-201,72,s4.d3,8,0.1943864465682935,0.9050184176160281,0.017734050524908437,0.7852127174601149,0.13
DenseNet-201,72,s4.d3,16,0.3378086231849926,0.9554301180854715,0.010846279697766697,0.646432934454791,0.18
DenseNet-201,72,s4.d3,32,0.4935101983514933,0.9791965253914001,0.006355591164131388,0.4960049534956943,0.27
DenseNet-201,72,s4.d3,64,0.7120984698971783,0.9918266792771975,0.0030432081811982317,0.282033358473351,0.48
DenseNet-201,73,s4.d4,4,0.0839586405790263,0.7799298520761561,0.03130476334885488,0.8923510359867234,0.1
DenseNet-201,73,s4.d4,8,0.15193648541517948,0.9048192959383751,0.018106067179999807,0.8320808518372629,0.1
DenseNet-201,73,s4.d4,16,0.2699899772073545,0.9551263619931512,0.011046872437450747,0.7173253844193545,0.145
DenseNet-201,73,s4.d4,32,0.44091400114179746,0.9791943613217379,0.006611205700806484,0.5497175856418922,0.21
DenseNet-201,73,s4.d4,64,0.6548463163894468,0.9917847261156237,0.003280947615741501,0.33972937962637684,0.385
DenseNet-201,74,s4.d5,4,0.07801503120132196,0.7796298520761559,0.03214554704079838,0.8999332426874526,0.095
DenseNet-201,74,s4.d5,8,0.1384810501169528,0.9042797186123659,0.018001595018904706,0.8468603826153985,0.085
DenseNet-201,74,s4.d5,16,0.24965047977462138,0.9551095475108609,0.010759469950178558,0.7386158682789394,0.11
DenseNet-201,74,s4.d5,32,0.4026756868487824,0.9793433957790508,0.006683293917413535,0.58883095696126,0.16
DenseNet-201,74,s4.d5,64,0.6275621380439739,0.9917642038792148,0.0034117620444697534,0.3672264681571391,0.33
DenseNet-201,75,s4.d6,4,0.07395864057902629,0.7792213934828116,0.03128865460774242,0.9050864860775185,0.09
DenseNet-201,75,s4.d6,8,0.12969317488343496,0.904462619309609,0.018084844041700854,0.8566074792760017,0.065
DenseNet-201,75,s4.d6,16,0.2441541344004684,0.9552583383705041,0.010823378269910948,0.7444103604298805,0.11
DenseNet-201,75,s4.d6,32,0.3929037812822162,0.9794242821998068,0.006697721912860763,0.5988421071205767,0.16
DenseNet-201,75,s4.d6,64,0.6160274960136629,0.9917916174603809,0.0034116412096614405,0.3788740647041501,0.325
DenseNet-201,76,s4.d7,4,0.06990224995673062,0.7790912431707985,0.031688385850570225,0.9102771972224489,0.085
DenseNet-201,76,s4.d7,8,0.12020113982914332,0.904080439926092,0.018143621649393153,0.8670459679019604,0.06
DenseNet-201,76,s4.d7,16,0.23480156694262122,0.955096546168618,0.010641364410328952,0.7541593382527341,0.105
DenseNet-201,76,s4.d7,32,0.3788973484910108,0.9794030499596051,0.006751761578538417,0.6131344000749863,0.14
DenseNet-201,76,s4.d7,64,0.6025829801817626,0.9917966504704832,0.0034533202925036825,0.3924329348199427,0.305
DenseNet-201,77,s4.d8,4,0.05773307808984363,0.7806033858255067,0.03082189959401687,0.9260404462263643,0.07
DenseNet-201,77,s4.d8,8,0.09024117090665211,0.9045097253032296,0.01751354813409598,0.9002319506554786,0.04
DenseNet-201,77,s4.d8,16,0.1816982484289423,0.9552571876324049,0.01094907328612363,0.8097912784312259,0.085
DenseNet-201,77,s4.d8,32,0.3177402013657157,0.9795520408494075,0.006832409500661968,0.6756270334650205,0.105
DenseNet-201,77,s4.d8,64,0.5328726606586297,0.9918353222274466,0.003614373468668842,0.46274079101970933,0.23
DenseNet-201,78,s4.d9,4,0.06178946871213929,0.7819326716072706,0.030064764442146855,0.920978530561806,0.075
DenseNet-201,78,s4.d9,8,0.09095695029898127,0.9044585178276452,0.017455818529203238,0.8994349121533575,0.04
DenseNet-201,78,s4.d9,16,0.17494567280770604,0.9555855332264607,0.01071216142247965,0.8169230626409595,0.075
DenseNet-201,78,s4.d9,32,0.31491330961114,0.9795719276603111,0.006779964156437219,0.67851946271745,0.115
DenseNet-201,78,s4.d9,64,0.5252541027820143,0.9918197538306387,0.003677616814475071,0.4704137513360056,0.23
DenseNet-201,79,s4.d10,4,0.056789468712139295,0.7817563183268049,0.03031945795005254,0.9273565593512747,0.07
DenseNet-201,79,s4.d10,8,0.09367477251497924,0.9044207849705472,0.017646820833660717,0.8964256747836353,0.04
DenseNet-201,79,s4.d10,16,0.1764721509769615,0.955620725922183,0.010707187924151864,0.81533243661426,0.075
DenseNet-201,79,s4.d10,32,0.3146512983373404,0.9795823002747558,0.00680741280074281,0.6787903392608399,0.12
DenseNet-201,79,s4.d10,64,0.5246765926637798,0.9918152828547498,0.003703269329428156,0.4709936399108522,0.235
DenseNet-201,80,s4.d11,4,0.05273307808984363,0.7822940627019132,0.02964232213490564,0.9325917444551319,0.065
DenseNet-201,80,s4.d11,8,0.08556199127038791,0.9048018762558288,0.018168648531371557,0.9054356610925112,0.03
DenseNet-201,80,s4.d11,16,0.17275561378294127,0.9556136333791256,0.010718788557631727,0.8192202290249212,0.075
DenseNet-201,80,s4.d11,32,0.30469988105709667,0.9795119988308554,0.006931307648874722,0.688926851921379,0.115
DenseNet-201,80,s4.d11,64,0.5170031957925715,0.9918297327914073,0.003702399594495269,0.4787379540059594,0.21
DenseNet-201,81,s4.d12,4,0.05273307808984363,0.7819780100454738,0.029264558979828204,0.932564500008412,0.065
DenseNet-201,81,s4.d12,8,0.08556199127038791,0.9048363826075355,0.017994310442353948,0.9054392673470784,0.03
DenseNet-201,81,s4.d12,16,0.17363950469270337,0.9555260762627453,0.010799113980816944,0.8182786330940937,0.075
DenseNet-201,81,s4.d12,32,0.3034674178706868,0.9795201825190063,0.0069444147157899086,0.690187682411742,0.115
DenseNet-201,81,s4.d12,64,0.514647483443682,0.9918203867840886,0.003741330992057914,0.48110818218569573,0.21
DenseNet-201,82,s4.d13,4,0.05273307808984363,0.7829770325450411,0.029436816376947308,0.9326505428665813,0.065
DenseNet-201,82,s4.d13,8,0.08556199127038791,0.9046485130771734,0.018073035698988354,0.9054196297970494,0.03
DenseNet-201,82,s4.d13,16,0.17384693654883154,0.9556295031903888,0.010823892625878148,0.8180812375837707,0.075
DenseNet-201,82,s4.d13,32,0.30267620049547433,0.9794754236882064,0.006989167536390441,0.6909813220675312,0.115
DenseNet-201,82,s4.d13,64,0.5153338953972615,0.9918284239333026,0.0037202213984158126,0.48042031972264176,0.205
DenseNet-201,83,s4.d14,4,0.05273307808984363,0.7830383106695002,0.029327025376649232,0.9326558134240499,0.065
DenseNet-201,83,s4.d14,8,0.08556199127038791,0.904653335752621,0.01808172297362746,0.9054201340017112,0.03
DenseNet-201,83,s4.d14,16,0.1749653208777734,0.9556025152397853,0.010755326228106864,0.8169057551780616,0.075
DenseNet-201,83,s4.d14,32,0.30331735952934724,0.9794286754279184,0.006955162221918541,0.690311947016636,0.115
DenseNet-201,83,s4.d14,64,0.514935138825504,0.9918301879885919,0.003713702887034292,0.4808232850123465,0.205
DenseNet-201,84,s4.d15,4,0.05273307808984363,0.7835119573890347,0.029929173022019348,0.9326965241659225,0.065
DenseNet-201,84,s4.d15,8,0.08556199127038791,0.9045537812437654,0.01824342527949455,0.9054097246127921,0.03
DenseNet-201,84,s4.d15,16,0.17128908649666313,0.9556889516961635,0.010674647616010276,0.8207690000050141,0.075
DenseNet-201,84,s4.d15,32,0.30039754896600923,0.9794555576871954,0.006967132794251877,0.6933015014225423,0.11
DenseNet-201,84,s4.d15,64,0.5119614482668368,0.9918368066581426,0.00372534571774406,0.4838249147137216,0.205
DenseNet-201,85,s4.d16,4,0.05273307808984363,0.7831468822330279,0.029128508230702708,0.9326651496849696,0.065
DenseNet-201,85,s4.d16,8,0.08556199127038791,0.904637462511586,0.018183324529049427,0.9054184744540225,0.03
DenseNet-201,85,s4.d16,16,0.16640106252422562,0.9555140573405225,0.010798563260637028,0.8258517902003777,0.075
DenseNet-201,85,s4.d16,32,0.3009921707774537,0.979524843944697,0.006958877397978281,0.6927161443243113,0.11
DenseNet-201,85,s4.d16,64,0.5113533913936983,0.9918295949418795,0.0037101585560520376,0.48443422741013975,0.2
DenseNet-201,86,s4.d17,4,0.05273307808984363,0.7833402656703656,0.028984404592880958,0.9326817726588894,0.065
DenseNet-201,86,s4.d17,8,0.08556199127038791,0.904681401234717,0.017972755681064684,0.9054230681059519,0.03
DenseNet-201,86,s4.d17,16,0.16854760322669565,0.9555553912399206,0.010752237770632127,0.8236129430362067,0.075
DenseNet-201,86,s4.d17,32,0.2988604809333351,0.9795258032487046,0.006990086341497407,0.6948926920126743,0.11
DenseNet-201,86,s4.d17,64,0.5102203521932417,0.9918252628125959,0.003733964855996421,0.4855743533428759,0.2
DenseNet-201,87,s4.d18,4,0.05273307808984363,0.7830704159823789,0.029001326211279835,0.9326585744863202,0.065
DenseNet-201,87,s4.d18,8,0.08284416905438993,0.9047258103159548,0.01773145102678339,0.908431739086278,0.03
DenseNet-201,87,s4.d18,16,0.16140166240794776,0.9554762705805588,0.010872539946035254,0.8310772675601057,0.075
DenseNet-201,87,s4.d18,32,0.29230085243829945,0.9795216620556723,0.00701869609588856,0.7015881692449124,0.11
DenseNet-201,87,s4.d18,64,0.5055543403976375,0.991823707657404,0.003735371020234678,0.4902780237107761,0.19
DenseNet-201,88,s4.d19,4,0.05273307808984363,0.7828147769201494,0.029315835904693412,0.9326365832064223,0.065
DenseNet-201,88,s4.d19,8,0.08284416905438993,0.9047069769077031,0.017956734550098698,0.9084298328973298,0.03
DenseNet-201,88,s4.d19,16,0.1624330342908607,0.955421200530618,0.010954286714865905,0.8299880364799846,0.075
DenseNet-201,88,s4.d19,32,0.2916482144206437,0.9795110509364784,0.00701896754033157,0.7022512261175529,0.11
DenseNet-201,88,s4.d19,64,0.5059623368774472,0.9918189926025621,0.003733357089376034,0.48986423868554163,0.19
DenseNet-201,89,s4.d20,4,0.04867668746754797,0.782946882233028,0.028609504623613915,0.9378288762978172,0.06
DenseNet-201,89,s4.d20,8,0.08556199127038791,0.904803556768234,0.017914925035794435,0.9054358367290275,0.03
DenseNet-201,89,s4.d20,16,0.1624330342908607,0.9554620445515731,0.0108074098235673,0.8299953041388521,0.075
DenseNet-201,89,s4.d20,32,0.29146856208780325,0.9795218316814954,0.0070265494174076865,0.7024379113761519,0.11
DenseNet-201,89,s4.d20,64,0.5061676125092146,0.9918087277440323,0.0037240163781218786,0.48965198797902976,0.19
DenseNet-201,90,s4.d21,4,0.05273307808984363,0.7832940627019132,0.028919445076701553,0.9326778018616088,0.065
DenseNet-201,90,s4.d21,8,0.08556199127038791,0.9048805166534949,0.0179611074318692,0.9054438793899326,0.03
DenseNet-201,90,s4.d21,16,0.16140166240794776,0.9554719931776124,0.010775475249158353,0.8310765113363769,0.075
DenseNet-201,90,s4.d21,32,0.29210782394141993,0.9795012211437666,0.007056851265620592,0.7017790099329078,0.11
DenseNet-201,90,s4.d21,64,0.5063025900802771,0.9918210571690435,0.0037114810822615747,0.4895222415166124,0.195
DenseNet-201,91,s4.d22,4,0.04867668746754797,0.7830874461392507,0.02862511767747332,0.9378400359914694,0.06
DenseNet-201,91,s4.d22,8,0.08556199127038791,0.9046472334223615,0.018098172899784395,0.9054194960098433,0.03
DenseNet-201,91,s4.d22,16,0.1624330342908607,0.9554731635761883,0.010756297959421362,0.8299972825161316,0.075
DenseNet-201,91,s4.d22,32,0.291828773144568,0.9795111892804412,0.00703413464022626,0.7020669326310112,0.11
DenseNet-201,91,s4.d22,64,0.5044759623822107,0.9918189671637876,0.0037217676047994384,0.49136286047763966,0.195
DenseNet-201,92,s4.d23,4,0.04867668746754797,0.7829572958272376,0.028788461040917264,0.9378297031945806,0.06
DenseNet-201,92,s4.d23,8,0.08418273746068762,0.9046602963542544,0.018098725921512474,0.9069454713554461,0.035
DenseNet-201,92,s4.d23,16,0.1624330342908607,0.9555027472983744,0.010750133096882627,0.830002546041725,0.075
DenseNet-201,92,s4.d23,32,0.2912318744211065,0.9795304804776809,0.007048459049720822,0.7026821725046438,0.11
DenseNet-201,92,s4.d23,64,0.5040271914334145,0.9918201971983395,0.0037200983563162125,0.49181596335991784,0.195
DenseNet-201,93,s4.d24,4,0.04867668746754797,0.7830695514521294,0.028644691405706916,0.9378386155134221,0.06
DenseNet-201,93,s4.d24,8,0.08074913585236047,0.9049078552300505,0.017921955438982697,0.9107653498799256,0.035
DenseNet-201,93,s4.d24,16,0.15895197299023495,0.9554781370039263,0.010900910708882208,0.8336414337133266,0.075
DenseNet-201,93,s4.d24,32,0.2876011401444346,0.9795237325745699,0.007041493189879684,0.7063867565633077,0.11
DenseNet-201,93,s4.d24,64,0.5001055637257953,0.9918221028018281,0.0037385340100818897,0.49577090255093936,0.195
DenseNet-201,94,s4.d25,4,0.04867668746754797,0.7834525212952574,0.02901502498015713,0.9378690014462238,0.06
DenseNet-201,94,s4.d25,8,0.07941056744606279,0.9050194674824978,0.017781876928601358,0.912255404110853,0.03
DenseNet-201,94,s4.d25,16,0.1597152120748627,0.9555054919953389,0.010846114978326942,0.8328474159354786,0.075
DenseNet-201,94,s4.d25,32,0.2875300901199824,0.9795327468097678,0.0070504125814629184,0.7064619931733402,0.11
DenseNet-201,94,s4.d25,64,0.5001512995607071,0.9918268457457559,0.0037286511157504114,0.4957272010673972,0.195
DenseNet-201,95,s4.d26,4,0.04867668746754797,0.7834525212952574,0.02901502498015713,0.9378690014462238,0.06
DenseNet-201,95,s4.d26,8,0.08012634683839195,0.9046315593150248,0.017443048047108514,0.9114265404370122,0.03
DenseNet-201,95,s4.d26,16,0.15868384019194978,0.9555031198514443,0.010908301073121926,0.8339264028602849,0.075
DenseNet-201,95,s4.d26,32,0.28826710047578546,0.9795336164825108,0.007056999749342324,0.7057098443329103,0.11
DenseNet-201,95,s4.d26,64,0.5007033577729932,0.9918222158551511,0.0037361255414588537,0.49516823704005675,0.2
DenseNet-201,96,s4.d27,4,0.04867668746754797,0.7835242130139263,0.029914990676859432,0.9378746863733708,0.06
DenseNet-201,96,s4.d27,8,0.08012634683839195,0.9045547697653876,0.01760983269708366,0.9114190212504499,0.03
DenseNet-201,96,s4.d27,16,0.15792060110732203,0.9554609474901661,0.010944853874354643,0.8347178903312034,0.075
DenseNet-201,96,s4.d27,32,0.28724095871301075,0.9794608557801254,0.007036826043220425,0.706735642350681,0.11
DenseNet-201,96,s4.d27,64,0.5003792211806555,0.9918212971410019,0.0037274420635345085,0.4954945788893266,0.2
DenseNet-201,97,s4.d28,4,0.0446202968452523,0.7826402656703655,0.02871042020656398,0.9429874761081541,0.055
DenseNet-201,97,s4.d28,8,0.08012634683839195,0.9045959317214936,0.017605567328667797,0.9114230519632038,0.03
DenseNet-201,97,s4.d28,16,0.1528612501080668,0.9555209712357389,0.010866757828348105,0.840023134279955,0.075
DenseNet-201,97,s4.d28,32,0.28715046847648584,0.9794687008824122,0.006991315970312216,0.7068303783287926,0.11
DenseNet-201,97,s4.d28,64,0.5007186337477664,0.9918155574683313,0.003730646066903013,0.4951494459051633,0.2
DenseNet-201,98,s4.d29,4,0.0446202968452523,0.7831147769201494,0.029121193657616406,0.9430220215984993,0.055
DenseNet-201,98,s4.d29,8,0.08074913585236047,0.9044729549686356,0.01756411410727263,0.9107224429334533,0.035
DenseNet-201,98,s4.d29,16,0.15454770044115188,0.9555452088042956,0.010859293378238275,0.8382622831267792,0.075
DenseNet-201,98,s4.d29,32,0.28549728011813164,0.9794868558793952,0.007058429167244789,0.7085236229517253,0.105
DenseNet-201,98,s4.d29,64,0.49969957675920296,0.9918154503877439,0.0037370593156464994,0.49617685773714393,0.2
DenseNet-201,99,s4.d30,4,0.0446202968452523,0.782865754420582,0.02944665572109448,0.9430038974200923,0.055
DenseNet-201,99,s4.d30,8,0.08074913585236047,0.9042430413172245,0.017467799829851978,0.9106997431412555,0.035
DenseNet-201,99,s4.d30,16,0.15728936871081675,0.9556628032657092,0.010808768878010843,0.8354133192446912,0.075
DenseNet-201,99,s4.d30,32,0.2855227588553275,0.9794898599966239,0.007020477947631919,0.7084985046641405,0.11
DenseNet-201,99,s4.d30,64,0.4993538339770589,0.9918259122524714,0.003731247170835468,0.4965307643122483,0.195
DenseNet-201,100,s4.d31,4,0.04056390622295664,0.7825072958272375,0.029358340547595365,0.9481616255346552,0.05
DenseNet-201,100,s4.d31,8,0.07803131363636248,0.9043929209945297,0.01762758206349698,0.9137196766748747,0.035
DenseNet-201,100,s4.d31,16,0.15618669108193836,0.9556273369907253,0.010805145568789594,0.8365610892068336,0.075
DenseNet-201,100,s4.d31,32,0.2825225483661181,0.9795031727016932,0.007027772698677107,0.7115654586530267,0.105
DenseNet-201,100,s4.d31,64,0.4971772679783466,0.9918299606329558,0.0037375377921907062,0.498727314447062,0.2
DenseNet-201,101,s4.d32,4,0.04056390622295664,0.7823195514521295,0.02935027426220735,0.9481491851409536,0.05
DenseNet-201,101,s4.d32,8,0.07803131363636248,0.90455951488223,0.017587186530114506,0.9137355670328426,0.035
DenseNet-201,101,s4.d32,16,0.15618669108193836,0.9555812006703905,0.010823974739366658,0.8365531982291351,0.075
DenseNet-201,101,s4.d32,32,0.28281563764661066,0.9795283096454018,0.006996229983496813,0.7112736458336845,0.1
DenseNet-201,101,s4.d32,64,0.49693709130363267,0.9918281683430805,0.003741111901905839,0.49896856414775814,0.195
DenseNet-201,102,final_norm_relu,4,0.021225562489182656,0.7835482723829769,0.027118691029556635,0.9729109702142152,0.025
DenseNet-201,102,final_norm_relu,8,0.03190970677120203,0.9053454578588503,0.0159713068094291,0.9647541096117401,0.015
DenseNet-201,102,final_norm_relu,16,0.07757618089850803,0.9562329791684243,0.009808311732609416,0.9188731380442754,0.02
DenseNet-201,102,final_norm_relu,32,0.1438101783426473,0.9807640731007577,0.0060961114263115125,0.8533692431371585,0.03
DenseNet-201,102,final_norm_relu,64,0.2780025854292041,0.9922792343927668,0.004126916677226391,0.7198343210322948,0.09
