model,depth,stage,boundary,readout_kind,feature_width,CKA_prev,probe_mean,probe_sd,d_within_cos,d_between_cos,S,d_within_euclid_unit,d_between_euclid_unit,Fisher_raw,PR,mean_raw_norm,delta_S,delta_Fisher_raw,delta_PR,delta_probe_mean
DenseNet-201,0,stem,True,cumulative_state,64,,0.6333333333333333,0.048591265790377515,0.0310545796914663,0.031873017558777694,1.0263548203016348,0.22822639259303024,0.2315755101335704,0.05769137564315286,2.7673274784663486,0.973897938690159,,,,
DenseNet-201,1,s1.d1,True,cumulative_state,96,0.7052092123893922,0.6233333333333333,0.04503085362035429,0.05381236469316292,0.05531865064922248,1.0279914470335652,0.30626034777353617,0.310261170721521,0.03883461415884544,3.2704348974287853,1.4018397005760739,0.001636626731930324,-0.01885676148430742,0.5031074189624367,-0.010000000000000009
DenseNet-201,2,s1.d2,False,cumulative_state,128,0.9914997413316863,0.6366666666666667,0.06912147117775906,0.05048782872784158,0.05176417746650719,1.0252803253937868,0.29855462922070264,0.30211082820531554,0.035177870955921314,3.5881180627139204,1.6009780219017409,-0.00271112163977838,-0.003656743202924126,0.31768316528513507,0.01333333333333342
DenseNet-201,3,s1.d3,False,cumulative_state,160,0.9983462107220985,0.6699999999999999,0.039791121287711055,0.04339164043407939,0.04466865839251821,1.0294300456415992,0.27754299618543166,0.2813645858020863,0.03890957894512915,3.803870144413925,1.7844174301132614,0.004149720247812461,0.0037317079892078345,0.2157520817000047,0.033333333333333215
DenseNet-201,4,s1.d4,False,cumulative_state,192,0.9996231029592616,0.7300000000000001,0.03800584750330463,0.04125285447656518,0.04249355977020808,1.0300756228722963,0.2712229567632323,0.27502520955285564,0.039492686416603154,3.961999795520272,1.864604146007045,0.0006455772306970253,0.000583107471474005,0.1581296511063468,0.060000000000000164
DenseNet-201,5,s1.d5,False,cumulative_state,224,0.9988989229782175,0.7099999999999999,0.056025787713238705,0.041402890663722325,0.042593232092249966,1.028750200999145,0.27168737355725747,0.2753748085482825,0.038141848300316465,3.922138263856685,1.9108960456071542,-0.0013254218731513223,-0.0013508381162866887,-0.03986153166358708,-0.02000000000000024
DenseNet-201,6,s1.d6,False,cumulative_state,256,0.999498330553059,0.6900000000000001,0.05217491947499511,0.04036572967912233,0.04157037581885781,1.029843289079908,0.26903394993900354,0.2728722786887295,0.039146525639518856,4.1650671687331355,1.9782144975709373,0.0010930880807631382,0.0010046773392023908,0.2429289048764507,-0.019999999999999796
DenseNet-201,7,down1,True,transition,128,0.4293509137676446,0.7066666666666667,0.03836954811073778,0.10753659698716833,0.11344052870586163,1.054901604515138,0.4353661916863397,0.4475118168415327,0.05916388249327178,4.340361147417869,1.8670109197745248,0.02505831543522996,0.020017356853752923,0.17529397868473318,0.016666666666666607
DenseNet-201,8,s2.d1,True,cumulative_state,160,0.9998673488327179,0.6900000000000001,0.04944132324730444,0.0803522755415434,0.0845846176271271,1.0526723363720485,0.3762925268613536,0.3865119665475063,0.05856357131445101,4.443142009616722,2.203154102480003,-0.0022292681430895467,-0.0006003111788207699,0.10278086219885285,-0.016666666666666607
DenseNet-201,9,s2.d2,False,cumulative_state,192,0.9995620569573651,0.6933333333333332,0.030276503540974917,0.07674768170187796,0.08071013895290968,1.0516296670226948,0.3686305667381012,0.3784426906079517,0.05769692256858371,4.590989384066169,2.2925151138302544,-0.0010426693493537087,-0.0008666487458672961,0.14784737444944707,0.0033333333333331883
DenseNet-201,10,s2.d3,False,cumulative_state,224,0.9999079869740491,0.7266666666666667,0.03836954811073782,0.07537491862829915,0.07924757151616424,1.0513785349071159,0.3656798343852786,0.3754014892083518,0.05753049208663811,4.685571663219211,2.3304805938739874,-0.00025113211557892257,-0.00016643048194560361,0.09458227915304196,0.03333333333333344
DenseNet-201,11,s2.d4,False,cumulative_state,256,0.9999324333701105,0.7433333333333334,0.06932211447695143,0.07504656724249281,0.07888626582993952,1.051164213481474,0.36527788435025843,0.37493057243339845,0.05733638483566167,4.7830648991260185,2.351404488409584,-0.0002143214256418169,-0.00019410725097643994,0.09749323590680792,0.01666666666666672
DenseNet-201,12,s2.d5,False,cumulative_state,288,0.9999218214129807,0.7633333333333333,0.0660387091871965,0.07419537239297641,0.07796503476124517,1.0508072437227312,0.36363259351566246,0.37319412695368165,0.057047858797976206,4.894038442372791,2.3824768244898444,-0.0003569697587428866,-0.00028852603768546314,0.11097354324677244,0.019999999999999907
DenseNet-201,13,s2.d6,False,cumulative_state,320,0.9997886820705305,0.7633333333333333,0.04314059701848263,0.07373365647588143,0.0774695349841541,1.0506672079865549,0.3628782199605146,0.3723971606472082,0.057164754010238905,4.997586960138491,2.4148276115512437,-0.0001400357361762694,0.00011689521226269928,0.10354851776569962,0.0
DenseNet-201,14,s2.d7,False,cumulative_state,352,0.9995909539157808,0.7566666666666666,0.045030853620354326,0.07459126653642567,0.07829350481559838,1.0496336696115056,0.36607736462146023,0.37546095675716246,0.05621998599687546,5.286912773519945,2.445646803014642,-0.00103353837504927,-0.0009447680133634478,0.28932581338145447,-0.00666666666666671
DenseNet-201,15,s2.d8,False,cumulative_state,384,0.9999572610602078,0.7533333333333333,0.043140597018482635,0.07427716858185807,0.07794131590747,1.0493307350774124,0.36566004829959464,0.3749603846311731,0.05596006760265135,5.3837520506314185,2.466408134148095,-0.00030293453409324655,-0.00025991839422410956,0.09683927711147344,-0.0033333333333332993
DenseNet-201,16,s2.d9,False,cumulative_state,416,0.9999535583512007,0.7666666666666666,0.04564354645876386,0.07271138819671036,0.07627468455094777,1.0490060283899052,0.3620407899546989,0.3711969590681545,0.055730144644329904,5.472020536525231,2.5066994834210394,-0.00032470668750717024,-0.0002299229583214435,0.08826848589381253,0.013333333333333308
DenseNet-201,17,s2.d10,False,cumulative_state,448,0.9999706434083591,0.7833333333333334,0.06346477588219925,0.07216199938689649,0.07569166015899365,1.0489130124176975,0.36088094648124114,0.37000001457276976,0.055620650005529265,5.551315338495922,2.5283182954964856,-9.301597220767732e-05,-0.00010949463880063903,0.07929480197069072,0.01666666666666683
DenseNet-201,18,s2.d11,False,cumulative_state,480,0.9999846015197154,0.8266666666666668,0.03456073558887953,0.07195434031249365,0.07547004192737328,1.0488601743774058,0.3605620813138092,0.369667963835759,0.0555863196475653,5.62117547798429,2.541835069446353,-5.283804029176942e-05,-3.433035796396311e-05,0.06986013948836867,0.043333333333333335
DenseNet-201,19,s2.d12,False,cumulative_state,512,0.9999230508987687,0.8466666666666667,0.03205897343611888,0.07219646255862833,0.07573174619583656,1.048967546496303,0.36144900068766683,0.370647853421836,0.05564291408525587,5.759232503090463,2.556094827088086,0.00010737211889733089,5.6594437690571375e-05,0.13805702510617301,0.019999999999999907
DenseNet-201,20,down2,True,transition,256,0.5891604798608813,0.7966666666666666,0.06390096504226937,0.11938077884069076,0.12431246988158873,1.0413105952967447,0.47768173751258886,0.4885871958239848,0.049124207427728835,17.699491774999004,1.486792518615772,-0.007656951199558337,-0.006518706657527039,11.940259271908541,-0.050000000000000044
DenseNet-201,21,s3.d1,True,cumulative_state,288,0.9952547982034557,0.7833333333333334,0.0552770798392567,0.0826261417225056,0.08595012358402776,1.0402291791947098,0.397333357850279,0.4062272848385588,0.04843982211937268,18.147068810771025,1.8559476514646456,-0.0010814161020349378,-0.0006843853083561557,0.4475770357720208,-0.013333333333333197
DenseNet-201,22,s3.d2,False,cumulative_state,320,0.9977442137513101,0.8133333333333332,0.06810938913900849,0.08220012051443215,0.08575067576527817,1.0431940394810326,0.39628672769034085,0.40583390924237217,0.051284829819015235,18.741469199546952,1.9132811317578182,0.0029648602863228124,0.002845007699642556,0.5944003887759273,0.029999999999999805
DenseNet-201,23,s3.d3,False,cumulative_state,352,0.9974989756516821,0.8099999999999999,0.07870479302078397,0.08307279421803498,0.08680619864065142,1.044941360860183,0.3986409039952453,0.4085582078473468,0.05309832968977154,18.88982113314107,1.9476776459240994,0.0017473213791503461,0.0018134998707563035,0.14835193359411747,-0.0033333333333332993
DenseNet-201,24,s3.d4,False,cumulative_state,384,0.9983182457865488,0.8166666666666667,0.06346477588219922,0.08161202353390523,0.08515309235718604,1.0433890580082197,0.39541393123649854,0.4049096539990973,0.05183453767368351,19.44355515817212,2.0070871916108075,-0.001552302851963283,-0.0012637920160880264,0.5537340250310514,0.00666666666666671
DenseNet-201,25,s3.d5,False,cumulative_state,416,0.9965733346976564,0.82,0.06912147117775906,0.08133150365864855,0.0848173782143794,1.042860077570448,0.39440201477002823,0.40378458590259175,0.05115869987012944,19.69569663901485,2.0451153254218726,-0.00052898043777172,-0.0006758378035540691,0.2521414808427309,0.0033333333333332993
DenseNet-201,26,s3.d6,False,cumulative_state,448,0.9993356491450613,0.8133333333333332,0.06055300708194983,0.08012632554451365,0.08355043017377661,1.0427338281893472,0.39121498836887375,0.4005171978811385,0.05110484295901699,19.95454834282578,2.085699239756351,-0.00012624938110072925,-5.3856911112454275e-05,0.2588517038109295,-0.00666666666666671
DenseNet-201,27,s3.d7,False,cumulative_state,480,0.9988647463836933,0.8200000000000001,0.059395098937351565,0.08015434062645949,0.08356084503646266,1.0424993129926474,0.3911925472267479,0.4004827142400589,0.05076059858278064,20.017474751129033,2.1102715350591943,-0.0002345151966998138,-0.0003442443762363481,0.06292640830325169,0.006666666666666821
DenseNet-201,28,s3.d8,False,cumulative_state,512,0.9985903835482214,0.8300000000000001,0.06603870918719651,0.08070123967181203,0.08419560132806259,1.0432999749503364,0.39292945394200685,0.4023797730932005,0.05158168597390844,20.86735835753893,2.1469329960894394,0.0008006619576890195,0.0008210873911278019,0.8498836064098967,0.010000000000000009
DenseNet-201,29,s3.d9,False,cumulative_state,544,0.989981428099346,0.85,0.042491829279939886,0.07956812494935489,0.08317438403470989,1.0453229115006843,0.3900302392500034,0.39985711912409116,0.05354256813594068,20.595129871156715,2.2234587371557932,0.002022936550347909,0.001960882162032239,-0.27222848638221464,0.019999999999999907
DenseNet-201,30,s3.d10,False,cumulative_state,576,0.9999161075930537,0.8366666666666667,0.04314059701848263,0.07973344818945971,0.08332355571972239,1.045026367375107,0.39053509661659136,0.40029464411682275,0.05326922010087559,20.842675487866412,2.2327032676695278,-0.000296544125577336,-0.00027334803506508937,0.2475456167096972,-0.013333333333333308
DenseNet-201,31,s3.d11,False,cumulative_state,608,0.9997700211979392,0.8366666666666667,0.047726070210921144,0.079416951855654,0.08296959004143178,1.0447340032923318,0.3898699407183405,0.39954354177261087,0.05299574037583332,21.167422838172058,2.256629473741874,-0.0002923640827752205,-0.00027347972504226936,0.32474735030564617,0.0
DenseNet-201,32,s3.d12,False,cumulative_state,640,0.999751986560371,0.8633333333333333,0.04915960401250876,0.07970374384935652,0.08329901896783587,1.0451079829483867,0.39075835142208115,0.40051597358508034,0.053408129714232234,21.605891122587032,2.2730463527194056,0.00037397965605490135,0.0004123893383989122,0.43846828441497365,0.026666666666666616
DenseNet-201,33,s3.d13,False,cumulative_state,672,0.9997615465207228,0.8799999999999999,0.03205897343611888,0.07931465155462497,0.08286671167751636,1.0447844131351323,0.38990504891214794,0.39955603954492974,0.05316273017523216,21.909905553782355,2.2933197966575465,-0.0003235698132544318,-0.00024539953900007405,0.30401443119532345,0.016666666666666607
DenseNet-201,34,s3.d14,False,cumulative_state,704,0.9993902391133722,0.8933333333333333,0.038369548110737776,0.078801179840367,0.08242691039104344,1.0460111201129392,0.3886204175370199,0.39847926694423014,0.05444884227026209,22.036691223519647,2.322982907090082,0.0012267069778069128,0.0012861120950299273,0.12678566973729133,0.01333333333333342
DenseNet-201,35,s3.d15,False,cumulative_state,736,0.9992672071074675,0.8866666666666667,0.04314059701848263,0.07868475817847248,0.08234078234956077,1.0464641978411588,0.38845987729971715,0.39839551992988875,0.05495909773633844,22.327098484666227,2.3491163187551867,0.0004530777282196752,0.0005102554660763522,0.29040726114658,-0.006666666666666599
DenseNet-201,36,s3.d16,False,cumulative_state,768,0.9994402683825564,0.8866666666666667,0.044721359549995794,0.07960039224695886,0.08343452710480415,1.048167285984596,0.39066655006050943,0.40100109727683403,0.056657982630897545,22.275228393833267,2.3614614735399955,0.0017030881434372258,0.001698884894559105,-0.0518700908329599,0.0
DenseNet-201,37,s3.d17,False,cumulative_state,800,0.998472945056798,0.8933333333333333,0.04944132324730441,0.07940420167786305,0.0835417451170285,1.0521073614712626,0.390256295748151,0.4013514736334271,0.06091196462465948,22.391818299401663,2.3937726043041216,0.003940075486666528,0.004253981993761938,0.11658990556839655,0.006666666666666599
DenseNet-201,38,s3.d18,False,cumulative_state,832,0.9990935764611755,0.8966666666666667,0.041499665326629104,0.07923968444957469,0.08359719982117131,1.0549915790536697,0.38986623448211233,0.4014955978213079,0.0641861246870332,22.42049636039115,2.419834369029952,0.0028842175824070893,0.0032741600623737224,0.02867806098948833,0.0033333333333334103
DenseNet-201,39,s3.d19,False,cumulative_state,864,0.9992966238797554,0.8833333333333334,0.05137011669140812,0.0790199025586999,0.08353262818961082,1.0571087217876365,0.3894492959724208,0.4014511346084794,0.06667805768506962,22.590578841080003,2.4472292385692236,0.0021171427339667925,0.0024919329980364197,0.17008248068885123,-0.013333333333333308
DenseNet-201,40,s3.d20,False,cumulative_state,896,0.9998680873292032,0.8766666666666667,0.04801620096962642,0.07931651066158951,0.08384767315616004,1.0571276075658838,0.3902570529414292,0.40228673137347853,0.06678554530769112,22.782061647667142,2.456464547087812,1.8885778247268448e-05,0.00010748762262149936,0.191482806587139,-0.00666666666666671
DenseNet-201,41,s3.d21,False,cumulative_state,928,0.9999111993122822,0.8733333333333333,0.03836954811073779,0.07959638322083568,0.08415743288819111,1.0573022225733681,0.3910004262429977,0.40308197784939437,0.06698318480270889,22.98158181994361,2.462200580974702,0.00017461500748439107,0.00019763949501776235,0.19952017227646834,-0.0033333333333334103
DenseNet-201,42,s3.d22,False,cumulative_state,960,0.9990516549017943,0.8766666666666666,0.04801620096962643,0.08064210393801108,0.08520870833006744,1.0566280412967235,0.39380512258140493,0.40579843493880535,0.06622495718220488,23.388823197887028,2.4796959726106214,-0.0006741812766446476,-0.0007582276205040095,0.40724137794341786,0.0033333333333332993
DenseNet-201,43,s3.d23,False,cumulative_state,992,0.999571320216682,0.8766666666666667,0.04013864859597432,0.0802782209181594,0.08486138069220117,1.0570909484742337,0.39294148028676446,0.4049920112388849,0.06679880095531335,23.62034663317058,2.507947501537265,0.0004629071775101856,0.0005738437731084706,0.23152343528355246,1.1102230246251565e-16
DenseNet-201,44,s3.d24,False,cumulative_state,1024,0.9999553309583307,0.8933333333333333,0.036514837167011066,0.08059524242720839,0.08524238012195173,1.0576601987262526,0.39376353911021855,0.4059486830209636,0.06735142761873436,23.757161788087046,2.51124987471746,0.0005692502520189269,0.0005526266634210131,0.1368151549164658,0.016666666666666607
DenseNet-201,45,s3.d25,False,cumulative_state,1056,0.9998304834608711,0.8866666666666667,0.03613247231446466,0.08049325644556982,0.08520350005872768,1.0585172450606837,0.3935510656345857,0.4058934922239473,0.06834776127637097,23.89202170727548,2.529461979916513,0.0008570463344310664,0.0009963336576366139,0.13485991918843254,-0.006666666666666599
DenseNet-201,46,s3.d26,False,cumulative_state,1088,0.9995678788231455,0.89,0.04801620096962644,0.08063140303603916,0.08537066999981602,1.0587769378347365,0.3940255037974084,0.4064237123980306,0.06870451349658539,24.20809910913436,2.545904511139467,0.0002596927740527999,0.000356752220214418,0.31607740185888034,0.0033333333333332993
DenseNet-201,47,s3.d27,False,cumulative_state,1120,0.9999158251774811,0.8866666666666665,0.04472135954999578,0.08102593110631989,0.08577050515710105,1.0585562422547847,0.39507159958734006,0.4074583699880779,0.0684934502624,24.431712879503912,2.5498580529111665,-0.00022069557995174627,-0.00021106323418539075,0.22361377036955332,-0.0033333333333335213
DenseNet-201,48,s3.d28,False,cumulative_state,1152,0.9994029110490079,0.8866666666666665,0.04472135954999578,0.08138483223879028,0.0861207259168626,1.0581913551677145,0.39579505692321404,0.4081566167032217,0.06797797871257137,24.410771417817998,2.5691651993527076,-0.00036488708707027584,-0.0005154715498286305,-0.02094146168591493,0.0
DenseNet-201,49,s3.d29,False,cumulative_state,1184,0.9999687709924985,0.8866666666666667,0.04314059701848263,0.08162451599784193,0.0863994910152237,1.0584992751137174,0.39641162473016667,0.4088523029225851,0.06828723537881874,24.552790169852923,2.573636740025831,0.000307919946002988,0.0003092566662473706,0.1420187520349252,2.220446049250313e-16
DenseNet-201,50,s3.d30,False,cumulative_state,1216,0.99988160930784,0.8799999999999999,0.03613247231446468,0.08184700230862074,0.08672509933827377,1.0596001917243,0.39701323536064825,0.4096920779453525,0.06953966974150946,24.70956341745622,2.5812805889752544,0.0011009166105826473,0.0012524343626907214,0.15677324760329725,-0.006666666666666821
DenseNet-201,51,s3.d31,False,cumulative_state,1248,0.9999913772743245,0.8833333333333332,0.039086797998528586,0.08195513729219617,0.08684990118297375,1.059724918443199,0.3973013545854437,0.41001472434867964,0.06970014490582697,24.786411701046998,2.584179833733036,0.0001247267188988488,0.0001604751643175112,0.07684828359077756,0.0033333333333332993
DenseNet-201,52,s3.d32,False,cumulative_state,1280,0.9999798749178864,0.9,0.03908679799852856,0.08218568938197796,0.08712470505983594,1.0600958112659091,0.39789588347440963,0.41070122470395093,0.07006251071639623,24.888654015231943,2.586266674226157,0.0003708928227101893,0.000362365810569254,0.10224231418494512,0.01666666666666683
DenseNet-201,53,s3.d33,False,cumulative_state,1312,0.9988707966061533,0.8866666666666667,0.05190803834132478,0.08251519636405075,0.08753405733577779,1.060823474861336,0.3987428402739399,0.41170145925714824,0.07122951807275107,25.07654751329917,2.6196506213171786,0.000727663595426975,0.001167007356354846,0.1878934980672291,-0.013333333333333308
DenseNet-201,54,s3.d34,False,cumulative_state,1344,0.9999134416309385,0.9,0.04714045207910316,0.08314328733857212,0.08821610322062001,1.0610129337488259,0.40031124376564814,0.4133614806548044,0.07144675442911899,25.283546942489927,2.6229910804389327,0.00018945888748977957,0.00021723635636791694,0.20699942919075554,0.013333333333333308
DenseNet-201,55,s3.d35,False,cumulative_state,1376,0.9997397419017547,0.9099999999999999,0.034560735588879544,0.08364318031849005,0.08880459645723748,1.0617075548669264,0.40154232538322016,0.4147817832556715,0.07232088814115463,25.394308517479146,2.6325028436307902,0.0006946211181004802,0.0008741337120356379,0.11076157498921901,0.009999999999999898
DenseNet-201,56,s3.d36,False,cumulative_state,1408,0.9999947287501711,0.9133333333333333,0.04624812308503867,0.08379058024091018,0.08898736394443385,1.0620210969846748,0.4019091392373547,0.41522780996308695,0.07264466722845495,25.452624181668426,2.633681434061699,0.0003135421177484776,0.000323779087300316,0.058315664189279914,0.0033333333333334103
DenseNet-201,57,s3.d37,False,cumulative_state,1440,0.9999506405887687,0.9233333333333332,0.04183300132670378,0.08390237879425494,0.08910902590988945,1.0620560130768428,0.4021911122053755,0.4155312048462429,0.07271084540125866,25.532756362933846,2.6379202586396353,3.491609216799141e-05,6.617817280371585e-05,0.08013218126541943,0.009999999999999898
DenseNet-201,58,s3.d38,False,cumulative_state,1472,0.9999625582994632,0.9266666666666665,0.043461349368017654,0.08433795005691813,0.08959533826073851,1.06233715901646,0.40328668535917866,0.41671986717252557,0.07300605691353916,25.678471314104495,2.6403691107252154,0.00028114593961725554,0.00029521151228049936,0.1457149511706497,0.0033333333333332993
DenseNet-201,59,s3.d39,False,cumulative_state,1504,0.9998978876959259,0.9299999999999999,0.04624812308503869,0.0848589778971311,0.09020529267697475,1.0630023470978478,0.40457878355202737,0.41819225963369616,0.07372321662401234,25.762217286319412,2.6439078358822377,0.0006651880813877131,0.0007171597104731753,0.08374597221491697,0.0033333333333334103
DenseNet-201,60,s3.d40,False,cumulative_state,1536,0.9997453923048555,0.9333333333333332,0.03333333333333331,0.08454885072732388,0.08989243472381081,1.063201142895725,0.40387088758932,0.41751787631714415,0.07393350437090317,25.973829130677046,2.664307139522634,0.00019879579787729362,0.0002102877468908304,0.21161184435763403,0.0033333333333332993
DenseNet-201,61,s3.d41,False,cumulative_state,1568,0.999989515353535,0.9299999999999999,0.03415650255319863,0.08462236123135608,0.09000861286366801,1.0636504530709798,0.4040704593014255,0.4178190094503432,0.07436959369522265,26.062430757382327,2.6674096573152415,0.0004493101752547357,0.00043608932431948855,0.08860162670528027,-0.0033333333333332993
DenseNet-201,62,s3.d42,False,cumulative_state,1600,0.9999881737195686,0.9366666666666665,0.03613247231446463,0.08471489623579587,0.09015803254935795,1.0642524107969351,0.404311330602079,0.41819501253167335,0.07498381554564673,26.138395078262405,2.6703377215064483,0.0006019577259552822,0.0006142218504240765,0.07596432088007887,0.006666666666666599
DenseNet-201,63,s3.d43,False,cumulative_state,1632,0.9999452846465565,0.9366666666666665,0.03205897343611889,0.084896530285965,0.09040548853163044,1.0648902637965192,0.4047718823173181,0.4188128967682208,0.07553815909572584,26.268904249338892,2.6768510866184196,0.0006378529995840765,0.0005543435500791061,0.1305091710764863,0.0
DenseNet-201,64,s3.d44,False,cumulative_state,1664,0.9990857643214128,0.9333333333333332,0.03535533905932734,0.08606432951686177,0.09164284730560346,1.0648180009076669,0.407705460719925,0.4218479545553384,0.07556783682708891,26.67903252181831,2.6884579409395384,-7.226288885231469e-05,2.9677731363073057e-05,0.41012827247941885,-0.0033333333333332993
DenseNet-201,65,s3.d45,False,cumulative_state,1696,0.9999771311182746,0.9400000000000001,0.04183300132670376,0.08627878876156897,0.09188445274360957,1.0649715192169864,0.40822710803889506,0.4224201083335363,0.07568747510390855,26.75107625506659,2.6915543627280454,0.00015351830931953359,0.0001196382768196419,0.07204373324827884,0.006666666666666821
DenseNet-201,66,s3.d46,False,cumulative_state,1728,0.9999837977804282,0.9466666666666667,0.03415650255319867,0.08649653988323491,0.09218889465233215,1.0658102020818587,0.4087719902141689,0.4231638186933057,0.0765343442268165,26.847617150945037,2.693149446140096,0.0008386828648723199,0.0008468691229079478,0.09654089587844794,0.006666666666666599
DenseNet-201,67,s3.d47,False,cumulative_state,1760,0.9999496983129531,0.95,0.0353553390593274,0.08685181346231563,0.0926026619317637,1.066214489256961,0.4096636445014994,0.42417112006943153,0.07692672325609431,26.983139570080407,2.695220535579457,0.0004042871751022137,0.00039237902927781454,0.1355224191353699,0.0033333333333332993
DenseNet-201,68,s3.d48,False,cumulative_state,1792,0.999991132793522,0.9533333333333334,0.0273861278752583,0.0870017768756487,0.09281024512460623,1.0667626393109138,0.41003953293674555,0.42467621557825924,0.07745465280877398,27.05588957473528,2.6968741983885662,0.0005481500539528117,0.0005279295526796624,0.07275000465487125,0.0033333333333334103
DenseNet-201,69,down3,True,transition,896,0.7528283451736678,0.9933333333333334,0.009128709291752798,0.17857190589856153,0.20603193518140106,1.1537757529364014,0.5916058636495481,0.6383351731843228,0.1663480152464862,30.480859014336453,1.6474276105894479,0.08701311362548769,0.08889336243771223,3.424969439601174,0.040000000000000036
DenseNet-201,70,s4.d1,True,cumulative_state,928,0.9963967010952927,0.9933333333333334,0.009128709291752798,0.1773610959164751,0.2051261670129959,1.1565454416767715,0.5895335861268576,0.6370192517603674,0.16920474041468594,29.72399599071363,1.6865280067239654,0.002769688740370091,0.0028567251681997363,-0.7568630236228238,0.0
DenseNet-201,71,s4.d2,False,cumulative_state,960,0.998524173310452,0.9933333333333334,0.009128709291752798,0.1740726374716397,0.2026414141108771,1.1641198585498074,0.584113203594262,0.633201950931182,0.17564891276230934,29.714812511546562,1.730996850396859,0.0075744168730358385,0.0064441723476234,-0.009183479167067077,0.0
DenseNet-201,72,s4.d3,False,cumulative_state,992,0.9984230441292332,0.9933333333333334,0.009128709291752798,0.1691280435513881,0.19828925225287097,1.1724208953710415,0.5758242871122063,0.6264031772810588,0.18308849903196825,29.791532728847592,1.7892051798637068,0.008301036821234176,0.007439586269658904,0.0767202173010304,0.0
DenseNet-201,73,s4.d4,False,cumulative_state,1024,0.9964269545378177,0.9966666666666667,0.007453559924999322,0.1677072623327026,0.20086188733423782,1.1976934364104166,0.5734930207615846,0.6306408275131278,0.20828323883947653,28.760126662652144,1.8205475699890479,0.02527254103937504,0.025194739807508276,-1.0314060661954478,0.0033333333333332993
DenseNet-201,74,s4.d5,False,cumulative_state,1056,0.9962308268758191,0.9966666666666667,0.007453559924999322,0.16288133877321104,0.19751919817382801,1.2126570156010643,0.5651736550303599,0.6253860980726826,0.22334130444484143,27.9732593295814,1.8821319497372857,0.014963579190647724,0.015058065605364906,-0.7868673330707452,0.0
DenseNet-201,75,s4.d6,False,cumulative_state,1088,0.9998641627895595,0.9966666666666667,0.007453559924999322,0.16375069955772026,0.19915991548658485,1.2162385627939454,0.5667194404245921,0.6280356045174194,0.2268931289485806,27.931409847824757,1.8862103014968898,0.0035815471928810627,0.0035518245037391705,-0.041849481756642604,0.0
DenseNet-201,76,s4.d7,False,cumulative_state,1120,0.9997839536447677,0.9966666666666667,0.007453559924999322,0.16487012654535016,0.201118477258172,1.2198600284500367,0.568671849184812,0.6311658224932286,0.23039875645645963,27.88709557775837,1.891615714911259,0.0036214656560913383,0.0035056275078790278,-0.044314270066386996,0.0
DenseNet-201,77,s4.d8,False,cumulative_state,1152,0.9964129147053848,0.9966666666666667,0.007453559924999322,0.16079695615273182,0.201081412238985,1.2505299667985588,0.5615578259889344,0.6312360333205151,0.26173926698018307,26.311598042085222,1.9415055456611123,0.030669938348522052,0.03134051052372344,-1.575497535673147,0.0
DenseNet-201,78,s4.d9,False,cumulative_state,1184,0.9996022250426548,0.9966666666666667,0.007453559924999322,0.16071505091955057,0.20122039771863076,1.25203206897751,0.5614179226824103,0.6314797920489916,0.26367084307193767,26.37348162686642,1.9609068709812727,0.0015021021789511924,0.0019315760917545943,0.06188358478119582,0.0
DenseNet-201,79,s4.d10,False,cumulative_state,1216,0.9999890968429572,0.9966666666666667,0.007453559924999322,0.16116729988654488,0.20170474634196534,1.2515240156282146,0.5622153048822955,0.6322494052312361,0.26318403521779504,26.461894384690435,1.9617687543404583,-0.0005080533492953787,-0.0004868078541426235,0.08841275782401681,0.0
DenseNet-201,80,s4.d11,False,cumulative_state,1248,0.9995384620984487,0.9966666666666667,0.007453559924999322,0.16258340056087944,0.20385394704576787,1.2538423131913436,0.5646995850213707,0.6356439998867096,0.26582591417396884,26.451251122350147,1.9729168793278502,0.002318297563129068,0.002641878956173793,-0.010643262340288118,0.0
DenseNet-201,81,s4.d12,False,cumulative_state,1280,0.9999944458740321,0.9966666666666667,0.007453559924999322,0.16290237875932145,0.20427263949461394,1.2539573764997907,0.5652647578337888,0.6363064120026861,0.26595894477659077,26.4920849624863,1.9737921235683615,0.00011506330844701651,0.00013303060262193078,0.04083384013615188,0.0
DenseNet-201,82,s4.d13,False,cumulative_state,1312,0.9999933111545903,0.9966666666666667,0.007453559924999322,0.16317768719826498,0.20456001654620537,1.2536028672698358,0.5657576450224375,0.6367648911633025,0.2655778503543739,26.562617317767796,1.975316692935262,-0.0003545092299548358,-0.0003810944222168433,0.0705323552814967,0.0
DenseNet-201,83,s4.d14,False,cumulative_state,1344,0.9999980151649855,0.9966666666666667,0.007453559924999322,0.1634113557344411,0.20482026333707193,1.2534028765413598,0.5661703180137716,0.6371757887778431,0.2653904741104886,26.605569951187572,1.975798215731938,-0.00019999072847598498,-0.0001873762438853177,0.04295263341977673,0.0
DenseNet-201,84,s4.d15,False,cumulative_state,1376,0.9999936398122893,0.9966666666666667,0.007453559924999322,0.1636819944212961,0.20523697701242738,1.2538763212047268,0.5666530702982555,0.6378386117547943,0.26588692343171133,26.627461343355954,1.9767404088797178,0.000473444663366962,0.000496449321222725,0.02189139216838143,0.0
DenseNet-201,85,s4.d16,False,cumulative_state,1408,0.9999972234112896,0.9966666666666667,0.007453559924999322,0.1639598127490302,0.20554239169705735,1.253614457413883,0.567143879942968,0.6383217926387393,0.2656267233559871,26.683755420982354,1.9773986504080676,-0.0002618637908438082,-0.0002602000757242484,0.05629407762640071,0.0
DenseNet-201,86,s4.d17,False,cumulative_state,1440,0.9999936614517434,1.0,0.0,0.16425715072265729,0.20591664890124006,1.2536236504487006,0.5676689573543232,0.6389155246231524,0.2656396725639034,26.720389643538386,1.9784421413077633,9.19303481761169e-06,1.2949207916335137e-05,0.03663422255603166,0.0033333333333332993
DenseNet-201,87,s4.d18,False,cumulative_state,1472,0.9999853339167015,0.9966666666666667,0.007453559924999322,0.16454110580069403,0.20654604518953867,1.2552853840652107,0.5681668867428811,0.6399081309367948,0.2673120640331835,26.676374236515947,1.9795113958380284,0.0016617336165101193,0.00167239146928011,-0.04401540702243878,-0.0033333333333332993
DenseNet-201,88,s4.d19,False,cumulative_state,1504,0.9999988682228513,1.0,0.0,0.16473236343915404,0.20675880436837923,1.255119516601534,0.5685010084975293,0.6402415122835544,0.26715456204853816,26.713838792033503,1.9798681923902557,-0.00016586746367663885,-0.00015750198464536957,0.03746455551755545,0.0033333333333332993
DenseNet-201,89,s4.d20,False,cumulative_state,1536,0.99999520787903,1.0,0.0,0.16509598120450264,0.20716311975523327,1.2548041342001082,0.5691413352779091,0.6408755132052902,0.26685062253393593,26.77821871158964,1.9806534698850344,-0.0003153824014259232,-0.000303939514602225,0.06437991955613853,0.0
DenseNet-201,90,s4.d21,False,cumulative_state,1568,0.9999952738456677,1.0,0.0,0.1654284568650899,0.20753258909585515,1.2545156560645547,0.5697255070610276,0.641454163380373,0.2665774523318423,26.830746238956365,1.9814067043669394,-0.00028847813555343826,-0.00027317020209360887,0.05252752736672406,0.0
DenseNet-201,91,s4.d22,False,cumulative_state,1600,0.9999948690986118,1.0,0.0,0.16569856930225252,0.20789562088326585,1.2546615324362955,0.5701984694857356,0.6420229308008285,0.26675583884508075,26.85871696228186,1.9822538993377505,0.00014587637174079404,0.00017838651323842658,0.027970723325495328,0.0
DenseNet-201,92,s4.d23,False,cumulative_state,1632,0.9999962836477724,1.0,0.0,0.16594656426109422,0.2082579016964583,1.2549696501627656,0.5706307698243251,0.6425907414050593,0.26704092130660334,26.87025516063204,1.9827904666396592,0.00030811772647010294,0.00028508246152259,0.01153819835018055,0.0
DenseNet-201,93,s4.d24,False,cumulative_state,1664,0.9999902127508009,1.0,0.0,0.16629472919233723,0.20885184041122518,1.255913770842768,0.5712396420549515,0.6435215421631818,0.26799006044858964,26.86335251032942,1.9838193323858817,0.0009441206800022695,0.0009491391419862993,-0.0069026503026208275,0.0
DenseNet-201,94,s4.d25,False,cumulative_state,1696,0.9999977480902745,1.0,0.0,0.16654229914638652,0.20911487532518713,1.2556262066574473,0.5716677385933198,0.6439297024328849,0.2677016827979328,26.916391691271077,1.9844123289812736,-0.0002875641853206101,-0.00028837765065681253,0.05303918094165638,0.0
DenseNet-201,95,s4.d26,False,cumulative_state,1728,0.9999954358171443,1.0,0.0,0.1668749055378555,0.20949191341280926,1.2553829632897446,0.5722465684870234,0.6445186446974376,0.2674702561877801,26.963956739891493,1.985054692184359,-0.0002432433677026502,-0.00023142661015274069,0.04756504862041666,0.0
DenseNet-201,96,s4.d27,False,cumulative_state,1760,0.9999948239292006,1.0,0.0,0.16722647556586967,0.2098654084981979,1.2549771666719902,0.572858199144529,0.6451008733866198,0.2670679926671307,27.038350503422045,1.9859935523884686,-0.000405796617754417,-0.00040226352064937076,0.07439376353055138,0.0
DenseNet-201,97,s4.d28,False,cumulative_state,1792,0.9999963093421802,1.0,0.0,0.16754463297828742,0.21018788840984792,1.2545187791069783,0.5734107627699987,0.6456023569704574,0.26660310117537056,27.08902983004566,1.9866376883053238,-0.0004583875650119307,-0.00046489149176015543,0.05067932662361585,0.0
DenseNet-201,98,s4.d29,False,cumulative_state,1824,0.9999970416904316,1.0,0.0,0.1677740000062088,0.2104969693278883,1.254645948240481,0.5738122971661066,0.6460848760809613,0.2667597158460509,27.110990693801998,1.9872061975556834,0.00012716913350274694,0.00015661467068034396,0.021960863756337545,0.0
DenseNet-201,99,s4.d30,False,cumulative_state,1856,0.9999931995468092,1.0,0.0,0.16819509586771614,0.2109819949630719,1.2543885056494588,0.5745454841187115,0.6468411640944043,0.2664901646265277,27.168548728792505,1.9880823726192853,-0.0002574425910222278,-0.0002695512195232119,0.05755803499050671,0.0
DenseNet-201,100,s4.d31,False,cumulative_state,1888,0.9999947750424237,1.0,0.0,0.168459858338751,0.21139303780216168,1.2548570317391436,0.5750014170005028,0.6474773195957502,0.26695078968295916,27.169135733160477,1.988827817703127,0.0004685260896848398,0.0004606250564314629,0.0005870043679720993,0.0
DenseNet-201,101,s4.d32,False,cumulative_state,1920,0.9999945476384549,1.0,0.0,0.16881922481060935,0.21181626465224657,1.254692792778036,0.5756233875114651,0.6481312224216391,0.2667814621160005,27.21659965625814,1.9898229221320594,-0.00016423896110762115,-0.0001693275669586436,0.047463923097662786,0.0
DenseNet-201,102,final_norm_relu,False,final_norm_relu,1920,0.8443225287801458,1.0,0.0,0.42257657843433927,0.5407533081415232,1.2796575478580303,0.9154808329033177,1.0389030784453335,0.2751722307796082,33.43548373220733,25.4852263701221,0.024964755079994294,0.008390768663607662,6.218884075949191,0.0
