model,depth,stage,estimate,p10,median,p90,n_images,n_bootstrap,seed
ResNet-18,0,stem,,,,,200,1000,20261006
ResNet-18,1,s1.b1,0.8878122574085603,0.8773207038105411,0.8895859891685858,0.9028272688773518,200,1000,20261006
ResNet-18,2,s1.b2,0.8392586053304543,0.8277308672735033,0.845324803868609,0.8619561625032851,200,1000,20261006
ResNet-18,3,s2.b1,0.8296377876827995,0.8052391581100757,0.8383886153755556,0.8611327770994388,200,1000,20261006
ResNet-18,4,s2.b2,0.9138773030397132,0.9142850728101644,0.9213219645353534,0.9288365322551304,200,1000,20261006
ResNet-18,5,s3.b1,0.8480985253397884,0.8513135997220246,0.8638036479803967,0.8760918529837174,200,1000,20261006
ResNet-18,6,s3.b2,0.8945413420658026,0.8968946678907895,0.9062857464073197,0.9158993214599592,200,1000,20261006
ResNet-18,7,s4.b1,0.7605837158251975,0.7684189283069324,0.7893025776181066,0.806670362015305,200,1000,20261006
ResNet-18,8,s4.b2,0.793602815179969,0.7987476669993662,0.8133823916441505,0.8270729829436584,200,1000,20261006
