model,depth,stage,estimate,p10,median,p90,interval_width,median_minus_original
ResNet-152,1,s1.b1,0.3956536762587568,0.3706215176883765,0.4062636193769056,0.44338262767546843,0.07276110998709195,0.010609943118148779
ResNet-152,2,s1.b2,0.9908565080976156,0.9900484575715094,0.9912133705189949,0.992337931900759,0.002289474329249641,0.00035686242137933366
ResNet-152,3,s1.b3,0.996390408207282,0.9952800618488985,0.9965677550469083,0.9972872173712599,0.0020071555223614146,0.00017734683962633557
ResNet-152,4,s2.b1,0.9546364975779918,0.9507923496727329,0.9562986913618774,0.9616234696595485,0.01083111998681563,0.001662193783885546
ResNet-152,5,s2.b2,0.738215090672343,0.7301509513784067,0.7490128974562832,0.7693296241011155,0.03917867272270881,0.010797806783940156
ResNet-152,6,s2.b3,0.9437055761841042,0.9415630240927081,0.9479980585532946,0.9548353822172283,0.013272358124520212,0.004292482369190331
ResNet-152,7,s2.b4,0.9816291107636204,0.9809467736144329,0.9828037011304995,0.984460807221061,0.003514033606628053,0.001174590366879169
ResNet-152,8,s2.b5,0.9802714701923958,0.975421034626827,0.9819220153188151,0.986567218504502,0.011146183877674964,0.0016505451264192672
ResNet-152,9,s2.b6,0.9924315242803812,0.9919782042464714,0.9931971782181621,0.994220013746171,0.002241809499699543,0.0007656539377809413
ResNet-152,10,s2.b7,0.9926577983693076,0.9924306458299766,0.9933154993351438,0.9941038919695022,0.0016732461395255749,0.0006577009658362831
ResNet-152,11,s2.b8,0.9891150096751872,0.9887904607942559,0.9903825703007515,0.992098399835875,0.003307939041619079,0.0012675606255643235
ResNet-152,12,s3.b1,0.9262392139465708,0.9251491093081344,0.9339504481632259,0.9429362645584975,0.017787155250363118,0.007711234216655094
ResNet-152,13,s3.b2,0.9804718225007646,0.980711226627537,0.9826249739708646,0.9850456259982675,0.004334399370730546,0.0021531514700999788
ResNet-152,14,s3.b3,0.9913565787441336,0.9914800232517079,0.9923580792776545,0.9933128343534364,0.0018328111017285043,0.0010015005335208826
ResNet-152,15,s3.b4,0.99441333582959,0.9944263286562958,0.9950878320765716,0.9958518864313781,0.0014255577750823534,0.0006744962469815707
ResNet-152,16,s3.b5,0.9883375448116888,0.9883666340716599,0.9899465651542869,0.9915640785610648,0.0031974444894048437,0.001609020342598133
ResNet-152,17,s3.b6,0.9875064668993616,0.9877870982633447,0.9890788882633027,0.9904867517024889,0.002699653439144245,0.00157242136394109
ResNet-152,18,s3.b7,0.9859977332900408,0.9855958058415505,0.9879455678441809,0.9900632869112708,0.0044674810697202805,0.0019478345541400488
ResNet-152,19,s3.b8,0.9932358074839336,0.9907476826463448,0.9944240475813806,0.996857304283189,0.0061096216368441425,0.001188240097447002
ResNet-152,20,s3.b9,0.9938718313599776,0.9935349464404447,0.994657259457891,0.9958487989030312,0.0023138524625865298,0.0007854280979133765
ResNet-152,21,s3.b10,0.9861031616366924,0.9866308418607759,0.9883385285424067,0.9898863544920004,0.0032555126312244775,0.0022353669057142422
ResNet-152,22,s3.b11,0.9885109444149764,0.9880104733628803,0.9897729038729477,0.9924919784170774,0.004481505054197088,0.0012619594579712512
ResNet-152,23,s3.b12,0.98602734052987,0.9856714153629685,0.9877561118818964,0.9906086599013708,0.0049372445384022745,0.0017287713520264258
ResNet-152,24,s3.b13,0.9932695115639218,0.992962225538968,0.9941219754385636,0.9955435481788263,0.00258132263985833,0.0008524638746417734
ResNet-152,25,s3.b14,0.9825367187793084,0.9819829431436368,0.9848465396042987,0.9875687893320609,0.005585846188424171,0.0023098208249903163
ResNet-152,26,s3.b15,0.9897870198835034,0.9899356384844014,0.991082314430181,0.9925772172015744,0.0026415787171730765,0.00129529454667765
ResNet-152,27,s3.b16,0.9919409696607882,0.9917449163721183,0.9929080790955243,0.9944083918404142,0.0026634754682959283,0.000967109434736102
ResNet-152,28,s3.b17,0.995292124393393,0.9952809467324437,0.9959418390954623,0.9967235588858908,0.0014426121534470981,0.000649714702069315
ResNet-152,29,s3.b18,0.9906286155152788,0.9906149005671113,0.9918237817208058,0.993292340799689,0.0026774402325776547,0.001195166205526954
ResNet-152,30,s3.b19,0.9816562510391836,0.9805418622405182,0.984160260271013,0.9871154802120855,0.006573617971567303,0.0025040092318293627
ResNet-152,31,s3.b20,0.9935917668541931,0.9935159013066411,0.9944439605459887,0.9954178895962873,0.0019019882896461615,0.0008521936917955664
ResNet-152,32,s3.b21,0.993387968219714,0.9935270628035932,0.9942693156453548,0.995010688805496,0.0014836260019028824,0.0008813474256408327
ResNet-152,33,s3.b22,0.9807188179582396,0.9818500638664525,0.9836430733853303,0.9855381632630866,0.00368809939663417,0.0029242554270907384
ResNet-152,34,s3.b23,0.9896916447455556,0.9839038769554975,0.9917943095304182,0.9947268334419229,0.010822956486425395,0.002102664784862651
ResNet-152,35,s3.b24,0.9949841882477144,0.9951705918820166,0.9957530657406445,0.9963960487968476,0.0012254569148310024,0.0007688774929300868
ResNet-152,36,s3.b25,0.9776644296474816,0.9772382938279985,0.9808842917543041,0.9843972992324738,0.007159005404475227,0.0032198621068225686
ResNet-152,37,s3.b26,0.9934782817385532,0.993645346829077,0.994364901383783,0.9951655786484493,0.0015202318193723308,0.0008866196452297359
ResNet-152,38,s3.b27,0.991827456166991,0.992109736371059,0.9929739568045555,0.9938616053138644,0.0017518689428053236,0.001146500637564496
ResNet-152,39,s3.b28,0.9875787058909256,0.987537295525528,0.9893760502364204,0.9912243316990077,0.003687036173479652,0.0017973443454948335
ResNet-152,40,s3.b29,0.9875597948518404,0.9876529036110266,0.9890834788538452,0.9905098471100496,0.0028569434990229903,0.0015236840020047548
ResNet-152,41,s3.b30,0.9938593633826616,0.993638167471728,0.9949034068702288,0.9959055020919093,0.0022673346201813604,0.0010440434875672588
ResNet-152,42,s3.b31,0.9925176877008278,0.992751675520649,0.9936553591661625,0.9944776224063898,0.0017259468857407922,0.001137671465334722
ResNet-152,43,s3.b32,0.987487478982539,0.9882363833746275,0.9893677836975815,0.9906116699683561,0.002375286593728654,0.0018803047150425245
ResNet-152,44,s3.b33,0.996160602075372,0.9963863159073827,0.9967455878002252,0.9971032488605395,0.0007169329531567792,0.0005849857248531043
ResNet-152,45,s3.b34,0.977077419308384,0.9774904164548617,0.980735067683169,0.9838975239657415,0.006407107510879806,0.003657648374784994
ResNet-152,46,s3.b35,0.995657439549392,0.9958314077378431,0.9962587984884719,0.9967168506968082,0.0008854429589650881,0.0006013589390798657
ResNet-152,47,s3.b36,0.9919098919716776,0.9922091128661016,0.993214190422139,0.9941448836660703,0.0019357707999687612,0.0013042984504614274
ResNet-152,48,s4.b1,0.914860471477844,0.9184853434994527,0.9271746412521076,0.9333810530188735,0.014895709519420874,0.012314169774263584
ResNet-152,49,s4.b2,0.9454339319629425,0.9470466449936376,0.9523735885894846,0.9573199650687716,0.01027332007513404,0.006939656626542168
ResNet-152,50,s4.b3,0.9330986236823988,0.9343022292455971,0.9401585525692779,0.9457990630561091,0.01149683381051192,0.007059928886879119
