model,depth,stage,boundary,CKA_prev
ResNet-152,0,stem,True,
ResNet-152,1,s1.b1,True,0.3956536762587568
ResNet-152,2,s1.b2,False,0.9908565080976157
ResNet-152,3,s1.b3,False,0.9963904082072819
ResNet-152,4,s2.b1,True,0.9546364975779918
ResNet-152,5,s2.b2,False,0.738215090672343
ResNet-152,6,s2.b3,False,0.9437055761841042
ResNet-152,7,s2.b4,False,0.9816291107636204
ResNet-152,8,s2.b5,False,0.9802714701923958
ResNet-152,9,s2.b6,False,0.9924315242803812
ResNet-152,10,s2.b7,False,0.9926577983693075
ResNet-152,11,s2.b8,False,0.9891150096751873
ResNet-152,12,s3.b1,True,0.9262392139465709
ResNet-152,13,s3.b2,False,0.9804718225007646
ResNet-152,14,s3.b3,False,0.9913565787441336
ResNet-152,15,s3.b4,False,0.99441333582959
ResNet-152,16,s3.b5,False,0.9883375448116889
ResNet-152,17,s3.b6,False,0.9875064668993616
ResNet-152,18,s3.b7,False,0.9859977332900409
ResNet-152,19,s3.b8,False,0.9932358074839337
ResNet-152,20,s3.b9,False,0.9938718313599775
ResNet-152,21,s3.b10,False,0.9861031616366925
ResNet-152,22,s3.b11,False,0.9885109444149763
ResNet-152,23,s3.b12,False,0.9860273405298701
ResNet-152,24,s3.b13,False,0.9932695115639218
ResNet-152,25,s3.b14,False,0.9825367187793084
ResNet-152,26,s3.b15,False,0.9897870198835034
ResNet-152,27,s3.b16,False,0.9919409696607882
ResNet-152,28,s3.b17,False,0.995292124393393
ResNet-152,29,s3.b18,False,0.9906286155152787
ResNet-152,30,s3.b19,False,0.9816562510391836
ResNet-152,31,s3.b20,False,0.9935917668541931
ResNet-152,32,s3.b21,False,0.9933879682197141
ResNet-152,33,s3.b22,False,0.9807188179582396
ResNet-152,34,s3.b23,False,0.9896916447455555
ResNet-152,35,s3.b24,False,0.9949841882477143
ResNet-152,36,s3.b25,False,0.9776644296474817
ResNet-152,37,s3.b26,False,0.9934782817385531
ResNet-152,38,s3.b27,False,0.991827456166991
ResNet-152,39,s3.b28,False,0.9875787058909256
ResNet-152,40,s3.b29,False,0.9875597948518403
ResNet-152,41,s3.b30,False,0.9938593633826616
ResNet-152,42,s3.b31,False,0.9925176877008278
ResNet-152,43,s3.b32,False,0.987487478982539
ResNet-152,44,s3.b33,False,0.9961606020753719
ResNet-152,45,s3.b34,False,0.9770774193083839
ResNet-152,46,s3.b35,False,0.995657439549392
ResNet-152,47,s3.b36,False,0.9919098919716776
ResNet-152,48,s4.b1,True,0.9148604714778441
ResNet-152,49,s4.b2,False,0.9454339319629423
ResNet-152,50,s4.b3,False,0.9330986236823987
