model,depth,stage,boundary,d_between_euclid_unit
ResNet-152,0,stem,True,0.18834236385129877
ResNet-152,1,s1.b1,True,0.2463507514973754
ResNet-152,2,s1.b2,False,0.19242189534282403
ResNet-152,3,s1.b3,False,0.18088668385780438
ResNet-152,4,s2.b1,True,0.32339882733612324
ResNet-152,5,s2.b2,False,0.24923454871930945
ResNet-152,6,s2.b3,False,0.2537115262711819
ResNet-152,7,s2.b4,False,0.24096881122998226
ResNet-152,8,s2.b5,False,0.2383002395945852
ResNet-152,9,s2.b6,False,0.2303490704046938
ResNet-152,10,s2.b7,False,0.22704043922885575
ResNet-152,11,s2.b8,False,0.21756149481994777
ResNet-152,12,s3.b1,True,0.4359071453238812
ResNet-152,13,s3.b2,False,0.3986583619214282
ResNet-152,14,s3.b3,False,0.37100402410796995
ResNet-152,15,s3.b4,False,0.3652890092587587
ResNet-152,16,s3.b5,False,0.3698079038037454
ResNet-152,17,s3.b6,False,0.3891117125989523
ResNet-152,18,s3.b7,False,0.38344263149881797
ResNet-152,19,s3.b8,False,0.3792644925511617
ResNet-152,20,s3.b9,False,0.3718947201897952
ResNet-152,21,s3.b10,False,0.36260598968362806
ResNet-152,22,s3.b11,False,0.3623997489575482
ResNet-152,23,s3.b12,False,0.3561489237604193
ResNet-152,24,s3.b13,False,0.34875181151268214
ResNet-152,25,s3.b14,False,0.3529611937460704
ResNet-152,26,s3.b15,False,0.3499471162346454
ResNet-152,27,s3.b16,False,0.3405475716864074
ResNet-152,28,s3.b17,False,0.336718828451831
ResNet-152,29,s3.b18,False,0.33973811438398605
ResNet-152,30,s3.b19,False,0.34835370931530185
ResNet-152,31,s3.b20,False,0.34769258275401566
ResNet-152,32,s3.b21,False,0.3460545677376645
ResNet-152,33,s3.b22,False,0.3594424781768416
ResNet-152,34,s3.b23,False,0.3545512999501115
ResNet-152,35,s3.b24,False,0.3597721668210094
ResNet-152,36,s3.b25,False,0.3784718521976538
ResNet-152,37,s3.b26,False,0.38611826058991416
ResNet-152,38,s3.b27,False,0.3993466193587447
ResNet-152,39,s3.b28,False,0.41735970844050335
ResNet-152,40,s3.b29,False,0.4146611831461554
ResNet-152,41,s3.b30,False,0.4264529960931254
ResNet-152,42,s3.b31,False,0.4398424404682789
ResNet-152,43,s3.b32,False,0.46103927223111807
ResNet-152,44,s3.b33,False,0.45782934392744246
ResNet-152,45,s3.b34,False,0.4586158176612689
ResNet-152,46,s3.b35,False,0.449336028681935
ResNet-152,47,s3.b36,False,0.41161781434584616
ResNet-152,48,s4.b1,True,0.8623838531035479
ResNet-152,49,s4.b2,False,0.9954072347050762
ResNet-152,50,s4.b3,False,1.302932673220567
