model,depth,stage,boundary,d_within_cos
ResNet-152,0,stem,True,0.022298908038852316
ResNet-152,1,s1.b1,True,0.03216406302447056
ResNet-152,2,s1.b2,False,0.019482845994163722
ResNet-152,3,s1.b3,False,0.01714720726274438
ResNet-152,4,s2.b1,True,0.05435267180533376
ResNet-152,5,s2.b2,False,0.03184582917536477
ResNet-152,6,s2.b3,False,0.03297868740790677
ResNet-152,7,s2.b4,False,0.02955089375837655
ResNet-152,8,s2.b5,False,0.028869117853249693
ResNet-152,9,s2.b6,False,0.026818004419539687
ResNet-152,10,s2.b7,False,0.025984587956573657
ResNet-152,11,s2.b8,False,0.023867543347963982
ResNet-152,12,s3.b1,True,0.09399609404940817
ResNet-152,13,s3.b2,False,0.07865538374080966
ResNet-152,14,s3.b3,False,0.06802457405665491
ResNet-152,15,s3.b4,False,0.06593025892510262
ResNet-152,16,s3.b5,False,0.06723131955467276
ResNet-152,17,s3.b6,False,0.07412574963154905
ResNet-152,18,s3.b7,False,0.07198576467812956
ResNet-152,19,s3.b8,False,0.07057134441168239
ResNet-152,20,s3.b9,False,0.06758323602397359
ResNet-152,21,s3.b10,False,0.06461037697929772
ResNet-152,22,s3.b11,False,0.06403633380825091
ResNet-152,23,s3.b12,False,0.061119123740959236
ResNet-152,24,s3.b13,False,0.05852641051873203
ResNet-152,25,s3.b14,False,0.05935330702589153
ResNet-152,26,s3.b15,False,0.05836251331573006
ResNet-152,27,s3.b16,False,0.05515501795725408
ResNet-152,28,s3.b17,False,0.054033083760477385
ResNet-152,29,s3.b18,False,0.05472379149357798
ResNet-152,30,s3.b19,False,0.05672741966937811
ResNet-152,31,s3.b20,False,0.05623854322766486
ResNet-152,32,s3.b21,False,0.05586819089110856
ResNet-152,33,s3.b22,False,0.06002037559661527
ResNet-152,34,s3.b23,False,0.05869534155394812
ResNet-152,35,s3.b24,False,0.05985878724778293
ResNet-152,36,s3.b25,False,0.06350458185917363
ResNet-152,37,s3.b26,False,0.06670293389886195
ResNet-152,38,s3.b27,False,0.06984371882813056
ResNet-152,39,s3.b28,False,0.07582078159224553
ResNet-152,40,s3.b29,False,0.07643188156706121
ResNet-152,41,s3.b30,False,0.08023276847036825
ResNet-152,42,s3.b31,False,0.08366749379510313
ResNet-152,43,s3.b32,False,0.09200281228425772
ResNet-152,44,s3.b33,False,0.09064724545362574
ResNet-152,45,s3.b34,False,0.088270376753595
ResNet-152,46,s3.b35,False,0.08569428024624998
ResNet-152,47,s3.b36,False,0.07303498421513027
ResNet-152,48,s4.b1,True,0.3122948624968419
ResNet-152,49,s4.b2,False,0.3933871133357347
ResNet-152,50,s4.b3,False,0.6511909832913038
