model,depth,stage,boundary,probe_mean
ResNet-152,0,stem,True,0.6133333333333334
ResNet-152,1,s1.b1,True,0.6933333333333332
ResNet-152,2,s1.b2,False,0.6666666666666667
ResNet-152,3,s1.b3,False,0.67
ResNet-152,4,s2.b1,True,0.74
ResNet-152,5,s2.b2,False,0.7333333333333334
ResNet-152,6,s2.b3,False,0.7366666666666667
ResNet-152,7,s2.b4,False,0.72
ResNet-152,8,s2.b5,False,0.7466666666666667
ResNet-152,9,s2.b6,False,0.7533333333333333
ResNet-152,10,s2.b7,False,0.78
ResNet-152,11,s2.b8,False,0.8066666666666669
ResNet-152,12,s3.b1,True,0.8466666666666667
ResNet-152,13,s3.b2,False,0.8566666666666668
ResNet-152,14,s3.b3,False,0.8566666666666667
ResNet-152,15,s3.b4,False,0.8466666666666667
ResNet-152,16,s3.b5,False,0.85
ResNet-152,17,s3.b6,False,0.8533333333333333
ResNet-152,18,s3.b7,False,0.8666666666666668
ResNet-152,19,s3.b8,False,0.8733333333333334
ResNet-152,20,s3.b9,False,0.8699999999999999
ResNet-152,21,s3.b10,False,0.8666666666666666
ResNet-152,22,s3.b11,False,0.8700000000000001
ResNet-152,23,s3.b12,False,0.9
ResNet-152,24,s3.b13,False,0.9033333333333333
ResNet-152,25,s3.b14,False,0.9099999999999999
ResNet-152,26,s3.b15,False,0.9066666666666666
ResNet-152,27,s3.b16,False,0.9
ResNet-152,28,s3.b17,False,0.9099999999999999
ResNet-152,29,s3.b18,False,0.9133333333333333
ResNet-152,30,s3.b19,False,0.9333333333333332
ResNet-152,31,s3.b20,False,0.96
ResNet-152,32,s3.b21,False,0.9733333333333334
ResNet-152,33,s3.b22,False,0.9633333333333333
ResNet-152,34,s3.b23,False,0.9566666666666667
ResNet-152,35,s3.b24,False,0.96
ResNet-152,36,s3.b25,False,0.9766666666666668
ResNet-152,37,s3.b26,False,0.9700000000000001
ResNet-152,38,s3.b27,False,0.9833333333333334
ResNet-152,39,s3.b28,False,0.99
ResNet-152,40,s3.b29,False,0.9800000000000001
ResNet-152,41,s3.b30,False,0.9933333333333334
ResNet-152,42,s3.b31,False,1.0
ResNet-152,43,s3.b32,False,1.0
ResNet-152,44,s3.b33,False,0.9966666666666667
ResNet-152,45,s3.b34,False,1.0
ResNet-152,46,s3.b35,False,1.0
ResNet-152,47,s3.b36,False,1.0
ResNet-152,48,s4.b1,True,0.9933333333333334
ResNet-152,49,s4.b2,False,1.0
ResNet-152,50,s4.b3,False,1.0
