model,depth,stage,boundary,CKA_prev,probe_mean,probe_sd,d_within_cos,d_between_cos,S,d_within_euclid_unit,d_between_euclid_unit,Fisher_raw,PR,mean_raw_norm
ResNet-18,0,stem,True,,0.5766666666666667,0.05962847939999439,0.030640724189328894,0.031121522320550765,1.015691474139156,0.22983847815305947,0.23194598993712912,0.03743421906495238,3.2562817612900403,3.2772753024517334
ResNet-18,1,s1.b1,True,0.8878122592302868,0.5966666666666667,0.07582875444051548,0.02118798112673359,0.02184750961617854,1.0311274814480933,0.1969207934162035,0.20003906463877025,0.0423976203248697,6.374727514945657,3.9137589103478576
ResNet-18,2,s1.b2,False,0.8392586103853237,0.6766666666666666,0.05217491947499512,0.014089201259602835,0.014545371645378502,1.032377306376027,0.1628347761451357,0.16549188965825543,0.04301361830259728,9.332800174720884,4.338487797616547
ResNet-18,3,s2.b1,True,0.8296377896112799,0.7866666666666667,0.0660387091871965,0.05660101324077277,0.05896317324698752,1.0417335286237095,0.3285257507571593,0.3356869214186567,0.04887889282732821,15.66920196529684,2.2707405797797278
ResNet-18,4,s2.b2,False,0.9138773017746457,0.7566666666666666,0.0750925355071254,0.04939362086972199,0.05133870117521844,1.0393791803728398,0.30759811779887575,0.31409483777626146,0.045293884931379286,20.47355035546568,2.2575077511877084
ResNet-18,5,s3.b1,True,0.8480985275181214,0.8799999999999999,0.03205897343611888,0.11967172414903521,0.12694455210106625,1.060773152586769,0.4808825690753558,0.4966198216348521,0.07059740645222166,22.68122036090982,2.395220868649556
ResNet-18,6,s3.b2,False,0.8945413419874425,0.9199999999999999,0.021730674684008806,0.1091706933750567,0.11810317584684094,1.0818212488684726,0.4613699098892955,0.4813401417090883,0.08887064099017149,29.95542088951945,2.368025865676307
ResNet-18,7,s4.b1,True,0.7605837037363852,0.9566666666666667,0.019002923751652284,0.3132318602006114,0.3688269050517108,1.177488473923097,0.7863436249106981,0.856230488683905,0.19183216231856182,32.5997432047072,2.234963719981384
ResNet-18,8,s4.b2,False,0.793602820242247,0.9966666666666667,0.007453559924999322,0.3223270442439591,0.43267476355132306,1.3423470703992348,0.7956555119935815,0.9284888629320176,0.3345689498498564,21.674624548019732,27.003117654515552
ResNet-152,0,stem,True,,0.6133333333333334,0.05451809077932039,0.022298908038852316,0.022394000954019777,1.0042644651030346,0.18773722394074732,0.18834236385129877,0.020593194256687403,1.7013668891812306,44.238525151673905
ResNet-152,1,s1.b1,True,0.39565367638632376,0.6933333333333332,0.03836954811073779,0.03216406296465296,0.03341444209675226,1.0388750368221022,0.24175951691976236,0.24635075131461645,0.04874395150397144,6.243207872664317,17.58588489496554
ResNet-152,2,s1.b2,False,0.9908565085618131,0.6666666666666667,0.06346477588219926,0.019482845980917707,0.020229359617635945,1.0383164573312031,0.18884540053658266,0.1924218953691328,0.04737516559262643,6.977535419837665,22.338694419248878
ResNet-152,3,s1.b3,False,0.9963904082218062,0.67,0.041499665326629104,0.017147207253275343,0.01781888425513445,1.0391712184927844,0.17740203737895918,0.18088668387015222,0.04818162051161154,7.468710987204297,23.89052615873564
ResNet-152,4,s2.b1,True,0.9546364969079294,0.74,0.05082650227325637,0.05435267176988351,0.05632577205619704,1.0363018085783746,0.3173270907564586,0.32339882724068514,0.047997492143658414,7.186137191840319,40.01627988396885
ResNet-152,5,s2.b2,False,0.7382150900049291,0.7333333333333334,0.05892556509887898,0.0318458291997597,0.0327066750285101,1.027031666324358,0.24574217060152265,0.2492345488753428,0.03652232898626301,12.808646549043868,38.45543276917208
ResNet-152,6,s2.b3,False,0.9437055771553982,0.7366666666666667,0.04314059701848263,0.03297868734379611,0.033960971597729595,1.0297854260751307,0.24979911635228386,0.25371152610063047,0.03938020503829205,12.268885528936915,35.29478023311719
ResNet-152,7,s2.b4,False,0.9816291105430447,0.72,0.06168918507773916,0.02955089374284242,0.030443422287054878,1.0302030981526114,0.23714692800152115,0.2409688112911519,0.04009059180686542,14.75731348590046,34.7399848049508
ResNet-152,8,s2.b5,False,0.9802714703797689,0.7466666666666667,0.03613247231446468,0.02886911779761564,0.029757360700854774,1.030767926802131,0.23432799139821045,0.23830023947625079,0.04069060607919742,17.04884710550227,36.07998801019686
ResNet-152,9,s2.b6,False,0.992431524142963,0.7533333333333333,0.04314059701848264,0.026818004417522023,0.027688556943955667,1.0324614953775177,0.22631909225124186,0.2303490704719159,0.042680785273108056,18.199127704022743,35.79489087634774
ResNet-152,10,s2.b7,False,0.9926577983152726,0.78,0.0691214711777591,0.025984587923609026,0.02685868271401204,1.0336389706457045,0.2229548638750221,0.22704043920219488,0.043829018846962206,19.793309091060284,36.69969698269734
ResNet-152,11,s2.b8,False,0.989115009711859,0.8066666666666669,0.04801620096962645,0.023867543346189568,0.02467516263051306,1.0338375538952327,0.21358327459058568,0.21756149482886658,0.04381985729574133,20.887374575038056,36.47451083722633
ResNet-152,12,s3.b1,True,0.9262392136893233,0.8466666666666667,0.06912147117775908,0.09399609413675653,0.09845899100287303,1.047479599095079,0.42487635479771413,0.43590714547496073,0.0569633799375851,22.787639113582475,53.47676999081925
ResNet-152,13,s3.b2,False,0.9804718224777431,0.8566666666666668,0.057251880124392224,0.0786553838614863,0.0822702776487062,1.0459586313072453,0.3888331333582924,0.39865836224840034,0.055640086382154695,25.588821118940785,53.8308143651505
ResNet-152,14,s3.b3,False,0.9913565786988856,0.8566666666666667,0.05348935511960405,0.06802457421943836,0.07112506209287317,1.0455789383323892,0.36190370683246775,0.3710040246055329,0.05538263124458116,27.305731891934748,55.51178273940793
ResNet-152,15,s3.b4,False,0.9944133358333338,0.8466666666666667,0.047726070210921186,0.06593025902769833,0.06892948986078407,1.0454909608625336,0.3563294498949572,0.36528900957611776,0.05512887625229942,28.598239854296107,54.748793898235434
ResNet-152,16,s3.b5,False,0.9883375448346199,0.85,0.05400617248673214,0.06723131969655682,0.07061456667428301,1.0503224835239915,0.35993195692447955,0.36980790419379994,0.06012276424644742,27.491562818220874,54.45648261629389
ResNet-152,17,s3.b6,False,0.9875064675536303,0.8533333333333333,0.04772607021092117,0.07412574973578401,0.07829462988048164,1.0562406472724701,0.3776478278990946,0.3891117127372865,0.06584265084339652,25.486740505216062,52.72386256568876
ResNet-152,18,s3.b7,False,0.9859977332667129,0.8666666666666668,0.06346477588219922,0.07198576471422141,0.07630085968198341,1.0599437261643692,0.3713997835944227,0.3834426314852103,0.06920882726701123,26.43153324953154,53.363685205508034
ResNet-152,19,s3.b8,False,0.9932358074060144,0.8733333333333334,0.056025787713238705,0.07057134447723645,0.07471080201288771,1.058656350765522,0.36753260300042523,0.37926449261005307,0.0674920523226288,26.6101014341789,53.65881844798971
ResNet-152,20,s3.b9,False,0.9938718313278675,0.8699999999999999,0.051908038341324764,0.06758323610041117,0.07178349654221616,1.062149442438129,0.35981295920620915,0.37189472030463394,0.07155777167417744,26.786208994015013,54.235978982899475
ResNet-152,21,s3.b10,False,0.9861031616624076,0.8666666666666666,0.06009252125773314,0.06461037703568445,0.06836626840243476,1.0581313952815339,0.3514335581018473,0.36260598981298453,0.06746015966670889,28.677579707189995,54.69773449356797
ResNet-152,22,s3.b11,False,0.9885109443085913,0.8700000000000001,0.07110243002567179,0.06403633386213059,0.06794235390047487,1.060996934127333,0.350849414762643,0.36239974910088085,0.07045706388756895,30.274547969244562,55.94612118514358
ResNet-152,23,s3.b12,False,0.9860273404267466,0.9,0.048591265790377515,0.06111912389878743,0.0653618995056422,1.0694181352121597,0.34346635620456933,0.35614892416826116,0.07908663255740556,30.638618694803647,58.697660329062664
ResNet-152,24,s3.b13,False,0.9932695116788604,0.9033333333333333,0.06390096504226939,0.05852641059959518,0.06260898052360231,1.0697560277861182,0.3362794029230574,0.34875181175249664,0.0795344932753402,30.774749030580647,60.00621575502308
ResNet-152,25,s3.b14,False,0.9825367185464466,0.9099999999999999,0.060781941762701554,0.059353307111723486,0.06401893883764531,1.0786077803068241,0.33886988138269725,0.3529611939957039,0.08832792056466618,29.678858343870793,61.95705951054844
ResNet-152,26,s3.b15,False,0.9897870197490075,0.9066666666666666,0.06411794687223779,0.058362513400242955,0.06279236829125634,1.0759024009235858,0.33644103919530755,0.3499471165024249,0.08562303623749654,30.084245807850905,64.18860042894875
ResNet-152,27,s3.b16,False,0.9919409697152062,0.9,0.039086797998528586,0.05515501803352724,0.059347912422258675,1.0760201798172324,0.32741357765014867,0.3405475719305483,0.08640491178032828,32.63403412032592,65.45082624262899
ResNet-152,28,s3.b17,False,0.9952921243403366,0.9099999999999999,0.04346134936801767,0.05403308395376255,0.0579935476113308,1.0732970130107198,0.3241269271702001,0.3367188291486887,0.0835885878472942,33.11389792225801,64.90857016396501
ResNet-152,29,s3.b18,False,0.9906286156128596,0.9133333333333333,0.04772607021092116,0.054723791609059824,0.058989687031557714,1.0779532137132042,0.3263042820453952,0.33973811473846244,0.08830097116328715,33.0457670675541,66.39984939024194
ResNet-152,30,s3.b19,False,0.9816562504653722,0.9333333333333332,0.02886751345948128,0.05672741984410379,0.06189517781041909,1.0910980612288932,0.3325349788193415,0.34835370985347036,0.10179993263753952,31.679338335421107,67.62064577229332
ResNet-152,31,s3.b20,False,0.9935917668493351,0.96,0.030276503540974907,0.05623854336083278,0.061561739405398885,1.0946538748418835,0.331378358238268,0.3476925831498232,0.10552275048697515,32.607175247147616,68.0854943443751
ResNet-152,32,s3.b21,False,0.9933879681711064,0.9733333333333334,0.019002923751652304,0.055868191056846594,0.06095560710142611,1.0910610483056988,0.3303043121178169,0.3460545682517338,0.10114948922973359,34.12267791634729,67.13779328731306
ResNet-152,33,s3.b22,False,0.9807188179553407,0.9633333333333333,0.024720661623652215,0.06002037583759834,0.0656432719717317,1.0936831210345577,0.34280138105514535,0.359442478723691,0.10397539261288782,34.60783150079499,68.0826708163113
ResNet-152,34,s3.b23,False,0.9896916449303587,0.9566666666666667,0.02527625148017184,0.05869534176662039,0.06396904480136911,1.0898487490833189,0.3386355105101915,0.35455130056365003,0.09950071323836508,36.35095894332061,69.07303000881615
ResNet-152,35,s3.b24,False,0.9949841883110806,0.96,0.025276251480171843,0.059858787451282425,0.06579283149404713,1.099134050244407,0.3421220244468518,0.35977216736766315,0.10884275121387295,36.994155786374634,68.55643925707457
ResNet-152,36,s3.b25,False,0.9776644289933292,0.9766666666666668,0.02527625148017182,0.06350458219672617,0.07269352856466704,1.1446973753716718,0.3525195573195371,0.3784718531406503,0.15544991391113244,33.54434569632014,68.34323521159781
ResNet-152,37,s3.b26,False,0.9934782816089165,0.9700000000000001,0.024720661623652197,0.06670293423481832,0.07562922960768204,1.1338216298167625,0.3614035552844417,0.3861182613942451,0.1439693295721751,35.27273645990365,66.31884728234562
ResNet-152,38,s3.b27,False,0.9918274564069657,0.9833333333333334,0.02041241452319317,0.06984371910170656,0.08079012520561268,1.1567271365942864,0.3699899372965258,0.39934661994362086,0.16742787751325347,34.490558764258324,65.33138486436673
ResNet-152,39,s3.b28,False,0.9875787067184276,0.99,0.014907119849998601,0.07582078176625656,0.08818556332626937,1.1630790565854552,0.38563931411112157,0.4173597086998796,0.17422730936666112,34.26617752080424,65.00885250498477
ResNet-152,40,s3.b29,False,0.9875597947167829,0.9800000000000001,0.018257418583505533,0.07643188181510163,0.08701278127601397,1.1384356790600665,0.3874334667422578,0.4146611836523074,0.14750050197213072,38.44623096035998,61.92700779343244
ResNet-152,41,s3.b30,False,0.9938593633726347,0.9933333333333334,0.009128709291752798,0.08023276876512248,0.09201300405050272,1.1468257355029878,0.3969959905217326,0.42645299664424,0.15596226967681345,38.675329878065604,60.7485991562538
ResNet-152,42,s3.b31,False,0.9925176880179257,1.0,0.0,0.08366749414915237,0.09782147085201487,1.1691693631654665,0.40538669390327875,0.4398424410957518,0.17829848613756233,36.803830337779026,58.23675400064148
ResNet-152,43,s3.b32,False,0.9874874789072294,1.0,0.0,0.09200281262967586,0.10733195320245603,1.1666159993877807,0.4255067178230809,0.4610392729101558,0.17602471896296576,38.996911304286776,57.714849840793974
ResNet-152,44,s3.b33,False,0.9961606020499904,0.9966666666666667,0.007453559924999322,0.09064724583950379,0.10584369495127888,1.1676438039682009,0.4224073416233559,0.45782934478556925,0.17624772860081844,39.282979223994296,57.23528671311387
ResNet-152,45,s3.b34,False,0.9770774195560677,1.0,0.0,0.0882703770367485,0.10611081067553729,1.2021112205214837,0.4169004154304303,0.4586158183353878,0.21010503171023903,36.94581048729322,55.80808685330324
ResNet-152,46,s3.b35,False,0.995657439650649,1.0,0.0,0.08569428044599481,0.10185438810738967,1.1885786026475722,0.4108241518625312,0.4493360292451893,0.19661247300010495,39.69444246960735,55.31313017750495
ResNet-152,47,s3.b36,False,0.9919098917314162,1.0,0.0,0.07303498433035666,0.08554506901720482,1.1712889350432627,0.3790997274858735,0.4116178146799831,0.18161942725359714,42.64079871817733,57.63645422483759
ResNet-152,48,s4.b1,True,0.9148604717272111,0.9933333333333334,0.009128709291752798,0.3122948623236888,0.37342889244963207,1.1957573995007922,0.786721986183201,0.8623838530150093,0.20387648923029175,43.3476805531155,28.530573212330328
ResNet-152,49,s4.b2,False,0.9454339335353085,1.0,0.0,0.3933871096740704,0.4967209501146187,1.262677240558702,0.8824505547174828,0.9954072323725422,0.2690942120234724,33.911369634393715,23.2835212051091
ResNet-152,50,s4.b3,False,0.9330986402307871,1.0,0.0,0.6511909812752591,0.8500397833218687,1.3053617260748824,1.133457450236667,1.302932672740033,0.30517434681866,28.961713894895244,14.099068745517013
ConvNeXt-Tiny,0,stem,True,,0.5433333333333333,0.038369548110737804,0.49586681785566267,0.512063907111575,1.0326641926272773,0.9270056918232803,0.9460769942943421,0.04023976844059558,3.2918909166668557,0.4121851556615663
ConvNeXt-Tiny,1,s1.b1,True,0.9790129618899488,0.6333333333333334,0.04714045207910317,0.18550713780354622,0.19132624922175645,1.031368665848172,0.574902434542689,0.5844220631963856,0.0422620571372477,4.180999881948994,0.7671116458530307
ConvNeXt-Tiny,2,s1.b2,False,0.7243328208918489,0.6766666666666665,0.038369548110737776,0.011336047847291475,0.011597445178282428,1.0230589473961518,0.1455888248431417,0.1472084659591316,0.03595459599774232,7.450514660977884,1.7327453707038978
ConvNeXt-Tiny,3,s1.b3,False,0.8436818619522283,0.6533333333333333,0.02173067468400884,0.012329294913810518,0.01257768097548051,1.0201460070025388,0.15207833196849885,0.1536369961899607,0.025866153692118556,9.202232631947258,2.248799091562721
ConvNeXt-Tiny,4,down1,True,0.7016622421324548,0.6566666666666665,0.05962847939999438,0.12695548065822154,0.12995685494872822,1.0236411557417258,0.4891934220393106,0.49495077194482145,0.033705099755140876,7.95650639137603,0.8366982730591976
ConvNeXt-Tiny,5,s2.b1,True,0.8425448532287132,0.6966666666666667,0.05322906474223772,0.010095644388591563,0.010380918887334722,1.028257185748889,0.13868343971662833,0.14069171080823997,0.05360927092682464,12.14607992500541,2.7295997926005033
ConvNeXt-Tiny,6,s2.b2,False,0.875429531540352,0.75,0.06009252125773318,0.006174051029365857,0.006340928129619172,1.027028785388976,0.10837780667142817,0.11001703844706408,0.07011850954667609,18.403208822469715,4.216539816543901
ConvNeXt-Tiny,7,s2.b3,False,0.6552212107902846,0.7933333333333333,0.05845225972250063,0.02237619018267173,0.024320743873706974,1.0869028049529683,0.19866209610393695,0.20791800105325314,0.1105947069701153,4.751427617369275,4.80143327211209
ConvNeXt-Tiny,8,down2,True,0.4083931452734558,0.7766666666666667,0.06302556800396347,0.39640619322924064,0.4113654363407868,1.0377371579129069,0.8781917858770925,0.895998364400446,0.04551853569762972,17.497352788010677,0.5416762804022386
ConvNeXt-Tiny,9,s3.b1,True,0.9852403788353565,0.82,0.04915960401250876,0.39295512089816725,0.4100400528649897,1.0434780743606848,0.8757441140600274,0.8961948531514142,0.05125089796846156,21.199075270758215,0.5967648511702434
ConvNeXt-Tiny,10,s3.b2,False,0.9660157829797571,0.8400000000000001,0.05217491947499509,0.2772081010550435,0.2917686323283907,1.0525256340558964,0.7341619048465882,0.7548456412712999,0.06181057372874384,24.529582498075975,0.8068309617243454
ConvNeXt-Tiny,11,s3.b3,False,0.9300124893119295,0.85,0.03908679799852856,0.05418164574715251,0.057505871353536686,1.0613533524230183,0.3222777987808759,0.33296674761663964,0.07311865809785083,26.7093495035041,2.081016805637585
ConvNeXt-Tiny,12,s3.b4,False,0.9590794843545905,0.8733333333333333,0.030276503540974917,0.023032140054893346,0.024774478703336156,1.0756481440409025,0.2109513497547364,0.21942861459012702,0.08734751446304206,29.622769505094706,3.7009102467273
ConvNeXt-Tiny,13,s3.b5,False,0.9245541923519828,0.9033333333333333,0.03205897343611891,0.013208698534220464,0.014542768107944637,1.1009993202788244,0.16026797764584677,0.16861773297065882,0.11932236879448424,30.294124854744933,5.953372785803953
ConvNeXt-Tiny,14,s3.b6,False,0.8893168626931878,0.9333333333333333,0.02635231383473649,0.007660015372942752,0.008530224586914992,1.1136041080343069,0.12232324158957975,0.12944570860746016,0.12086624420120723,33.55939913929582,9.190357492220162
ConvNeXt-Tiny,15,s3.b7,False,0.7153996180298432,0.9533333333333334,0.02173067468400881,0.0032397873459115156,0.0037133837349401233,1.146181319470325,0.07963798101127145,0.08548719535977502,0.09814474187782614,34.009696932287376,17.036811035476997
ConvNeXt-Tiny,16,s3.b8,False,0.817573817204986,0.9800000000000001,0.02173067468400884,0.001820084249771925,0.0021270565733283453,1.1686583044685361,0.05963647925995519,0.06466970295746918,0.04005759993327795,35.69734411493402,26.067415491729673
ConvNeXt-Tiny,17,s3.b9,False,0.8761596566846566,0.9833333333333334,0.0235702260395516,0.0016932833917829848,0.002034690561330099,1.2016243537283038,0.05762303170840649,0.06334321132540895,0.046532943444663445,34.53331782289822,33.61388076901077
ConvNeXt-Tiny,18,down3,True,0.11795715765644411,0.9933333333333334,0.009128709291752798,0.5347330395650889,0.6671464307960929,1.247625228728524,1.028362115152613,1.1530061484741105,0.25421879745022796,31.07341794192663,1.5293372482152179
ConvNeXt-Tiny,19,s4.b1,True,0.8997179300677016,1.0,0.0,0.3543023868102932,0.4395753015462298,1.240678352476341,0.8340484967507747,0.934463704130438,0.24392728919103027,33.80214375867965,2.4177700842087253
ConvNeXt-Tiny,20,s4.b2,False,0.8974627555380034,1.0,0.0,0.4691150504005698,0.6139200990259579,1.3086770473506264,0.9584437555772698,1.1044351425129464,0.30450367890277646,26.755378753095307,2.8407806428822893
ConvNeXt-Tiny,21,s4.b3,False,0.9172554802167658,1.0,0.0,0.472949170511062,0.6341600106197048,1.340862930226605,0.9597363344779595,1.1226687896306697,0.3389444757351288,24.664326542353933,4.206837569891666
ConvNeXt-Base,0,stem,True,,0.53,0.018257418583505533,0.05291460384098806,0.05449202759163674,1.0298107447877516,0.2996471187345682,0.30529236311372226,0.03978397456986193,3.2465123147199306,1.8515124325512842
ConvNeXt-Base,1,s1.b1,True,0.9613244288467022,0.6666666666666667,0.055277079839256636,0.03973173409311609,0.04093400281304005,1.03025965886881,0.26644119988599624,0.27072601745033914,0.03994715104130539,4.673531003791215,2.421386083989905
ConvNeXt-Base,2,s1.b2,False,0.8465503249009495,0.6633333333333333,0.050552502960343665,0.012591214198381273,0.012867552218792544,1.0219468921787382,0.15263873909426803,0.15431930881205785,0.034216089373653356,6.164959261791879,3.1328914980306384
ConvNeXt-Base,3,s1.b3,False,0.7415416740900362,0.6666666666666667,0.08579691784155835,0.017272605983360667,0.017725048586010983,1.0261942293528938,0.17745772072710475,0.17968052962426143,0.033811299934301944,6.018757898442334,3.6044947999963517
ConvNeXt-Base,4,down1,True,0.7020098865605955,0.6866666666666666,0.02173067468400884,0.13811902642291524,0.1415336819291848,1.0247225570198708,0.5123948522404442,0.5186386748570634,0.03584277816008578,9.522761561067801,0.8726407703803528
ConvNeXt-Base,5,s2.b1,True,0.8505982513545061,0.7533333333333333,0.03205897343611894,0.0075744265318076764,0.0077757617460291195,1.0265809184861674,0.11970010726691523,0.12138701425878408,0.04164491018737312,12.879117609533793,4.152229970589222
ConvNeXt-Base,6,s2.b2,False,0.8955133659730321,0.7700000000000001,0.051908038341324785,0.006624443534236857,0.006853177008560918,1.0345287076781478,0.11215549435217001,0.11432913246213716,0.056645182703654096,18.84796188798311,5.450874067079164
ConvNeXt-Base,7,s2.b3,False,0.6979506247322476,0.77,0.05939509893735156,0.02293653529704237,0.024634857758564666,1.074044420376834,0.20182776217664544,0.2101902302790627,0.09824335707818808,5.741158374281454,6.132978650872359
ConvNeXt-Base,8,down2,True,0.3994633718938627,0.7499999999999999,0.04859126579037752,0.41609168086600395,0.43268661065745806,1.0398828684988737,0.8995724840505285,0.9187485628993761,0.048134541700667506,16.18342018715011,0.7533286310769728
ConvNeXt-Base,9,s3.b1,True,0.9912265704787439,0.7733333333333334,0.04654746681256314,0.4277500846023637,0.4451287693932169,1.040628127068656,0.9137249688669592,0.9334479000726664,0.04910068601184749,18.141452140083345,0.744686050904616
ConvNeXt-Base,10,s3.b2,False,0.9933212408555309,0.8366666666666667,0.05577733510227169,0.43306985948672433,0.45261938179145444,1.0451417291609724,0.9202786926906681,0.9423440087483627,0.05334989886605618,20.741947692277083,0.7918706641593913
ConvNeXt-Base,11,s3.b3,False,0.9900667378885704,0.85,0.03726779962499649,0.42901296442010756,0.4516221454485865,1.0527004610665776,0.9168219768139356,0.9423481286511455,0.06076828159319406,23.83969076147509,0.8630458106510295
ConvNeXt-Base,12,s3.b4,False,0.99082281074729,0.8566666666666667,0.02527625148017184,0.4094348366043034,0.43310031204984734,1.0578003465504215,0.896048514632273,0.923350544888357,0.06570166468864987,26.91927032362248,0.9622385833657884
ConvNeXt-Base,13,s3.b5,False,0.9850251828385642,0.8866666666666667,0.013944333775567929,0.40174749183601643,0.4266222898624864,1.0619164986265135,0.8880028791112355,0.9168029014503368,0.07050231026020642,29.666467401795042,1.0524528885331328
ConvNeXt-Base,14,s3.b6,False,0.9927505710650462,0.9,0.03908679799852856,0.3997355827296855,0.426367432569434,1.0666236657189405,0.8863796766718446,0.9171870769997178,0.07543267805799725,32.15107666351518,1.1195615846658884
ConvNeXt-Base,15,s3.b7,False,0.9921028217886103,0.9333333333333333,0.02635231383473649,0.36909851637859425,0.397239581448644,1.0762426935392628,0.8519202248348168,0.885498843593383,0.08523269479375803,33.80837483068852,1.2786148459128859
ConvNeXt-Base,16,s3.b8,False,0.9917986517784543,0.9366666666666668,0.02173067468400884,0.3661285938326323,0.39681655228994084,1.0838174318374512,0.8490849242127592,0.8857135985502115,0.09350547568098927,35.743793953332876,1.3981700274939663
ConvNeXt-Base,17,s3.b9,False,0.9875555547788822,0.9466666666666667,0.036132472314464655,0.33000136827810667,0.3595539915613335,1.0895530325750695,0.8056599547777656,0.8428673575355909,0.09971601067021174,37.42740947195596,1.5876237757310872
ConvNeXt-Base,18,s3.b10,False,0.990615304121131,0.9533333333333334,0.027386127875258303,0.14970906552488605,0.16400704117160791,1.0955050757720821,0.541613644751762,0.568476091533539,0.10903580757314668,37.932802712752675,2.512190008121973
ConvNeXt-Base,19,s3.b11,False,0.9800121042006927,0.9666666666666666,0.02635231383473649,0.07350094064326346,0.08064538620349515,1.0972020969759726,0.3792330185121412,0.3983278818863406,0.11191472125100314,39.71908492427284,3.8170512506590253
ConvNeXt-Base,20,s3.b12,False,0.986534824213485,0.9666666666666666,0.02635231383473649,0.0428938111097964,0.04745331795533647,1.1062975456731738,0.2898899062289203,0.30571608323121274,0.12070128402110263,40.563038495111066,5.386714262365587
ConvNeXt-Base,21,s3.b13,False,0.9804256036468777,0.9733333333333333,0.02236067977499791,0.02597940477607913,0.029025583023780666,1.1172535812100801,0.22569602173945577,0.23917180392966256,0.13462155411587493,41.25597416897577,7.425729549879589
ConvNeXt-Base,22,s3.b14,False,0.9677035487389407,0.9666666666666666,0.02635231383473649,0.017961755093768683,0.020256239191773884,1.1277427559849764,0.18784685040609156,0.19999355175910738,0.1424470191652362,41.5163147301001,9.496395145022946
ConvNeXt-Base,23,s3.b15,False,0.8935427413958174,0.9700000000000001,0.024720661623652197,0.011107931492583156,0.012526408763604002,1.1276994976038495,0.1477454336559464,0.15727245852921992,0.12721144752464933,44.00572758246864,12.887563701379413
ConvNeXt-Base,24,s3.b16,False,0.9758080841544885,0.9833333333333334,0.016666666666666663,0.009491444383747327,0.01092020768245705,1.1505317042321046,0.13667220961740595,0.14695818895542756,0.1522060500485246,42.24541341785449,14.688621271667621
ConvNeXt-Base,25,s3.b17,False,0.7665830156465205,0.9833333333333334,0.02041241452319317,0.005901733053712999,0.0068248816412529445,1.15641991583458,0.10772761460163355,0.11613732197397057,0.11891409753093471,42.59976398411841,19.997078474426853
ConvNeXt-Base,26,s3.b18,False,0.9832223975765496,0.9933333333333334,0.009128709291752798,0.005339296740960731,0.006320292642387204,1.1837312944045058,0.10247059674654582,0.11180002283880501,0.14705447022597318,39.41278982099202,22.256273885033576
ConvNeXt-Base,27,s3.b19,False,0.9562633912661005,0.9933333333333334,0.009128709291752798,0.004527715916209207,0.005414441423996386,1.1958438921957766,0.0943444369242337,0.10347069314467504,0.12949840409583802,38.145279684560826,25.751859707676036
ConvNeXt-Base,28,s3.b20,False,0.9297789265942299,0.9966666666666667,0.007453559924999322,0.0031981355593539984,0.0038471231855433663,1.2029268660270482,0.07920020838969957,0.08712037422901973,0.09419037877568516,36.90161273535129,31.598139090220847
ConvNeXt-Base,29,s3.b21,False,0.9895681688677217,1.0,0.0,0.002608510314790702,0.003190093421198026,1.2229560309229555,0.07150836009090275,0.07931777150993255,0.08886492316558939,34.22509358623599,36.38471496184299
ConvNeXt-Base,30,s3.b22,False,0.983785203421616,1.0,0.0,0.0021237358357973357,0.0026265064978819863,1.2367387947267416,0.06448388680512324,0.07195638815815623,0.08470061477612789,32.64547605473251,41.39424835109494
ConvNeXt-Base,31,s3.b23,False,0.9912573628741378,1.0,0.0,0.0018822160040965485,0.0023489639989662248,1.2479779121279506,0.0606674645258687,0.06803663736229633,0.08553326297454085,31.317304793513195,45.308691863920615
ConvNeXt-Base,32,s3.b24,False,0.9878921669225695,1.0,0.0,0.0017086623506289422,0.002143055753813572,1.254230101707768,0.0577804388357542,0.06498550327269668,0.07277762434701714,30.687843819724257,49.957055678412246
ConvNeXt-Base,33,s3.b25,False,0.9798615683740309,1.0,0.0,0.0015641213689837619,0.002000068878453942,1.278717187882564,0.05520968045344881,0.06274928417029045,0.06772764901705897,27.547391991224412,55.127335261812874
ConvNeXt-Base,34,s3.b26,False,0.9707479271120503,1.0,0.0,0.0015058336422432705,0.001961625050014182,1.302683772619072,0.054093442818819545,0.0621035485560521,0.04843819502916872,24.449638770132836,60.216321520150906
ConvNeXt-Base,35,s3.b27,False,0.9715727133875003,1.0,0.0,0.0015398289316679858,0.0019922314253948414,1.2938004894068333,0.05458124824292426,0.0624840892772183,0.04354904808102111,19.90799702775421,65.4078162279929
ConvNeXt-Base,36,down3,True,0.08833192494634443,1.0,0.0,0.4975527372848541,0.6635026056099429,1.3335322185758185,0.9823164013326455,1.1445524255514425,0.3095719371722289,20.604417923301625,6.6425497473317705
ConvNeXt-Base,37,s4.b1,True,0.9870555342036134,1.0,0.0,0.46730004252642454,0.6242366308587116,1.3358368800563778,0.9530611153192623,1.1109623680539833,0.31726119070821646,22.33016416236206,7.265199083578298
ConvNeXt-Base,38,s4.b2,False,0.9890233184059556,1.0,0.0,0.42987988404166244,0.5815212851327244,1.35275295895531,0.913218512026203,1.071505677046089,0.3372521298629296,21.769574448029477,8.393347588397223
ConvNeXt-Base,39,s4.b3,False,0.9961902599011612,1.0,0.0,0.42043004635922515,0.5662082195907461,1.3467358588994962,0.9025035213035801,1.0574451818665263,0.33594200278929975,22.53073040570349,9.147945763839038
