model,stage,boundary_block,comparator_blocks,n_comparators,estimate,p10,median,p90,fraction_positive,n_bootstrap,seed
ResNet-18,s1,s1.b1,s1.b2,1,-0.048553652078106024,-0.06158229808793978,-0.044308508577558636,-0.028873878148585226,0.001,1000,20261006
ResNet-18,s2,s2.b1,s2.b2,1,0.08423951535691365,0.058566317686550844,0.08135900698376919,0.12214199367198121,1.0,1000,20261006
ResNet-18,s3,s3.b1,s3.b2,1,0.04644281672601425,0.027548159931395567,0.04280059565849914,0.05809431485951112,1.0,1000,20261006
ResNet-18,s4,s4.b1,s4.b2,1,0.03301909935477154,-0.0006239387565007748,0.02355559012859254,0.0503079191743744,0.895,1000,20261006
ResNet-152,s1,s1.b1,s1.b2;s1.b3,2,0.5979697818936918,0.550670370278459,0.5875802452842287,0.6239259919188804,1.0,1000,20261006
ResNet-152,s2,s2.b1,s2.b2;s2.b3;s2.b4;s2.b5;s2.b6;s2.b7;s2.b8,7,0.026992613185628622,0.021428487626327153,0.027394188668289243,0.03378080032041351,1.0,1000,20261006
ResNet-152,s3,s3.b1,s3.b2;s3.b3;s3.b4;s3.b5;s3.b6;s3.b7;s3.b8;s3.b9;s3.b10;s3.b11;s3.b12;s3.b13;s3.b14;s3.b15;s3.b16;s3.b17;s3.b18;s3.b19;s3.b20;s3.b21;s3.b22;s3.b23;s3.b24;s3.b25;s3.b26;s3.b27;s3.b28;s3.b29;s3.b30;s3.b31;s3.b32;s3.b33;s3.b34;s3.b35;s3.b36,35,0.06438940156870776,0.04953347001185303,0.057969065704702616,0.06648796677941374,1.0,1000,20261006
ResNet-152,s4,s4.b1,s4.b2;s4.b3,2,0.024405806344826475,0.012376187526543792,0.01934402680623204,0.02777616446265936,1.0,1000,20261006
ConvNeXt-Tiny,s1,s1.b1,s1.b2;s1.b3,2,-0.19500562046791026,-0.20558088577973369,-0.18911798766608073,-0.17465242651136312,0.0,1000,20261006
ConvNeXt-Tiny,s2,s2.b1,s2.b2;s2.b3,2,-0.07721945884809878,-0.10537624465211015,-0.0764921486029973,-0.043509616483850565,0.0,1000,20261006
ConvNeXt-Tiny,s3,s3.b1,s3.b2;s3.b3;s3.b4;s3.b5;s3.b6;s3.b7;s3.b8;s3.b9,8,-0.0783048053298614,-0.07579543680670647,-0.06969867869063873,-0.0637956068495096,0.0,1000,20261006
ConvNeXt-Tiny,s4,s4.b1,s4.b2;s4.b3,2,0.007641189451370489,-0.004900853279308037,0.005145006522150997,0.014896625785126304,0.731,1000,20261006
ConvNeXt-Base,s1,s1.b1,s1.b2;s1.b3,2,-0.1672784293512093,-0.18057644647422672,-0.16051061644368647,-0.14070138148398387,0.0,1000,20261006
ConvNeXt-Base,s2,s2.b1,s2.b2;s2.b3,2,-0.053866236297657744,-0.09070198097800329,-0.052403781939296845,-0.016704417156442306,0.036,1000,20261006
ConvNeXt-Base,s3,s3.b1,s3.b2;s3.b3;s3.b4;s3.b5;s3.b6;s3.b7;s3.b8;s3.b9;s3.b10;s3.b11;s3.b12;s3.b13;s3.b14;s3.b15;s3.b16;s3.b17;s3.b18;s3.b19;s3.b20;s3.b21;s3.b22;s3.b23;s3.b24;s3.b25;s3.b26;s3.b27,26,-0.006821379252152204,-0.007114361667045687,-0.005828857933204368,-0.0045923121203074405,0.0,1000,20261006
ConvNeXt-Base,s4,s4.b1,s4.b2;s4.b3,2,0.005551253467025563,0.004329453937482219,0.005249818310577137,0.006187006958925023,1.0,1000,20261006
