row,label,archive_path
0,5,cats_dogs_light/test/dog.9788.jpg
1,3,cats_dogs_light/test/cat.9994.jpg
2,3,cats_dogs_light/test/cat.9824.jpg
3,3,cats_dogs_light/test/cat.993.jpg
4,5,cats_dogs_light/test/dog.9913.jpg
5,3,cats_dogs_light/test/cat.9981.jpg
6,5,cats_dogs_light/test/dog.9813.jpg
7,5,cats_dogs_light/test/dog.9876.jpg
8,3,cats_dogs_light/test/cat.9974.jpg
9,3,cats_dogs_light/test/cat.997.jpg
10,5,cats_dogs_light/test/dog.9826.jpg
11,5,cats_dogs_light/test/dog.9860.jpg
12,5,cats_dogs_light/test/dog.9859.jpg
13,3,cats_dogs_light/test/cat.9924.jpg
14,3,cats_dogs_light/test/cat.9821.jpg
15,5,cats_dogs_light/test/dog.9789.jpg
16,3,cats_dogs_light/test/cat.9903.jpg
17,5,cats_dogs_light/test/dog.9845.jpg
18,5,cats_dogs_light/test/dog.9777.jpg
19,5,cats_dogs_light/test/dog.9852.jpg
20,5,cats_dogs_light/test/dog.9958.jpg
21,3,cats_dogs_light/test/cat.9941.jpg
22,5,cats_dogs_light/test/dog.9843.jpg
23,5,cats_dogs_light/test/dog.9908.jpg
24,3,cats_dogs_light/test/cat.9839.jpg
25,3,cats_dogs_light/test/cat.9927.jpg
26,5,cats_dogs_light/test/dog.9869.jpg
27,3,cats_dogs_light/test/cat.9975.jpg
28,3,cats_dogs_light/test/cat.9962.jpg
29,5,cats_dogs_light/test/dog.9805.jpg
30,5,cats_dogs_light/test/dog.984.jpg
31,5,cats_dogs_light/test/dog.9911.jpg
32,5,cats_dogs_light/test/dog.9891.jpg
33,5,cats_dogs_light/test/dog.9787.jpg
34,3,cats_dogs_light/test/cat.9870.jpg
35,3,cats_dogs_light/test/cat.9822.jpg
36,5,cats_dogs_light/test/dog.9800.jpg
37,5,cats_dogs_light/test/dog.9831.jpg
38,5,cats_dogs_light/test/dog.9925.jpg
39,5,cats_dogs_light/test/dog.9834.jpg
40,3,cats_dogs_light/test/cat.9892.jpg
41,3,cats_dogs_light/test/cat.9841.jpg
42,5,cats_dogs_light/test/dog.986.jpg
43,5,cats_dogs_light/test/dog.9830.jpg
44,3,cats_dogs_light/test/cat.988.jpg
45,3,cats_dogs_light/test/cat.9923.jpg
46,5,cats_dogs_light/test/dog.9886.jpg
47,5,cats_dogs_light/test/dog.9935.jpg
48,5,cats_dogs_light/test/dog.9853.jpg
49,5,cats_dogs_light/test/dog.9864.jpg
50,3,cats_dogs_light/test/cat.9852.jpg
51,5,cats_dogs_light/test/dog.9790.jpg
52,5,cats_dogs_light/test/dog.9803.jpg
53,3,cats_dogs_light/test/cat.99.jpg
54,3,cats_dogs_light/test/cat.9857.jpg
55,5,cats_dogs_light/test/dog.9943.jpg
56,5,cats_dogs_light/test/dog.9951.jpg
57,3,cats_dogs_light/test/cat.9886.jpg
58,3,cats_dogs_light/test/cat.9993.jpg
59,5,cats_dogs_light/test/dog.9949.jpg
60,3,cats_dogs_light/test/cat.9905.jpg
61,3,cats_dogs_light/test/cat.9891.jpg
62,3,cats_dogs_light/test/cat.9951.jpg
63,5,cats_dogs_light/test/dog.9923.jpg
64,3,cats_dogs_light/test/cat.9961.jpg
65,3,cats_dogs_light/test/cat.9867.jpg
66,3,cats_dogs_light/test/cat.9866.jpg
67,3,cats_dogs_light/test/cat.9871.jpg
68,3,cats_dogs_light/test/cat.9978.jpg
69,5,cats_dogs_light/test/dog.9858.jpg
70,5,cats_dogs_light/test/dog.9955.jpg
71,5,cats_dogs_light/test/dog.9856.jpg
72,3,cats_dogs_light/test/cat.9912.jpg
73,3,cats_dogs_light/test/cat.9869.jpg
74,3,cats_dogs_light/test/cat.9987.jpg
75,5,cats_dogs_light/test/dog.9903.jpg
76,5,cats_dogs_light/test/dog.9871.jpg
77,3,cats_dogs_light/test/cat.9868.jpg
78,3,cats_dogs_light/test/cat.9936.jpg
79,5,cats_dogs_light/test/dog.9841.jpg
80,3,cats_dogs_light/test/cat.9979.jpg
81,5,cats_dogs_light/test/dog.989.jpg
82,3,cats_dogs_light/test/cat.995.jpg
83,5,cats_dogs_light/test/dog.9861.jpg
84,5,cats_dogs_light/test/dog.9857.jpg
85,3,cats_dogs_light/test/cat.9889.jpg
86,3,cats_dogs_light/test/cat.986.jpg
87,5,cats_dogs_light/test/dog.9819.jpg
88,3,cats_dogs_light/test/cat.9922.jpg
89,5,cats_dogs_light/test/dog.9837.jpg
90,3,cats_dogs_light/test/cat.9970.jpg
91,3,cats_dogs_light/test/cat.9992.jpg
92,3,cats_dogs_light/test/cat.9921.jpg
93,3,cats_dogs_light/test/cat.9976.jpg
94,5,cats_dogs_light/test/dog.9801.jpg
95,3,cats_dogs_light/test/cat.9945.jpg
96,5,cats_dogs_light/test/dog.9950.jpg
97,5,cats_dogs_light/test/dog.9921.jpg
98,3,cats_dogs_light/test/cat.9879.jpg
99,3,cats_dogs_light/test/cat.9872.jpg
100,5,cats_dogs_light/test/dog.9934.jpg
101,3,cats_dogs_light/test/cat.9907.jpg
102,5,cats_dogs_light/test/dog.9791.jpg
103,3,cats_dogs_light/test/cat.9877.jpg
104,3,cats_dogs_light/test/cat.9973.jpg
105,3,cats_dogs_light/test/cat.9984.jpg
106,5,cats_dogs_light/test/dog.983.jpg
107,5,cats_dogs_light/test/dog.9926.jpg
108,5,cats_dogs_light/test/dog.9851.jpg
109,5,cats_dogs_light/test/dog.9821.jpg
110,5,cats_dogs_light/test/dog.995.jpg
111,5,cats_dogs_light/test/dog.9918.jpg
112,3,cats_dogs_light/test/cat.9950.jpg
113,5,cats_dogs_light/test/dog.9818.jpg
114,5,cats_dogs_light/test/dog.994.jpg
115,5,cats_dogs_light/test/dog.9957.jpg
116,5,cats_dogs_light/test/dog.9806.jpg
117,5,cats_dogs_light/test/dog.9870.jpg
118,5,cats_dogs_light/test/dog.9784.jpg
119,3,cats_dogs_light/test/cat.9911.jpg
120,3,cats_dogs_light/test/cat.9943.jpg
121,5,cats_dogs_light/test/dog.9919.jpg
122,3,cats_dogs_light/test/cat.9932.jpg
123,5,cats_dogs_light/test/dog.9952.jpg
124,3,cats_dogs_light/test/cat.9827.jpg
125,3,cats_dogs_light/test/cat.9968.jpg
126,5,cats_dogs_light/test/dog.9944.jpg
127,5,cats_dogs_light/test/dog.9855.jpg
128,3,cats_dogs_light/test/cat.9926.jpg
129,5,cats_dogs_light/test/dog.9781.jpg
130,5,cats_dogs_light/test/dog.988.jpg
131,5,cats_dogs_light/test/dog.9866.jpg
132,3,cats_dogs_light/test/cat.9835.jpg
133,3,cats_dogs_light/test/cat.9836.jpg
134,5,cats_dogs_light/test/dog.9778.jpg
135,3,cats_dogs_light/test/cat.9887.jpg
136,3,cats_dogs_light/test/cat.9954.jpg
137,3,cats_dogs_light/test/cat.9910.jpg
138,5,cats_dogs_light/test/dog.9883.jpg
139,3,cats_dogs_light/test/cat.9915.jpg
140,3,cats_dogs_light/test/cat.9894.jpg
141,5,cats_dogs_light/test/dog.9881.jpg
142,5,cats_dogs_light/test/dog.9948.jpg
143,5,cats_dogs_light/test/dog.9865.jpg
144,3,cats_dogs_light/test/cat.9965.jpg
145,3,cats_dogs_light/test/cat.9913.jpg
146,5,cats_dogs_light/test/dog.9938.jpg
147,5,cats_dogs_light/test/dog.9797.jpg
148,5,cats_dogs_light/test/dog.9820.jpg
149,3,cats_dogs_light/test/cat.9948.jpg
150,3,cats_dogs_light/test/cat.9925.jpg
151,3,cats_dogs_light/test/cat.992.jpg
152,5,cats_dogs_light/test/dog.9872.jpg
153,5,cats_dogs_light/test/dog.9914.jpg
154,3,cats_dogs_light/test/cat.9833.jpg
155,3,cats_dogs_light/test/cat.9982.jpg
156,3,cats_dogs_light/test/cat.9964.jpg
157,3,cats_dogs_light/test/cat.9953.jpg
158,5,cats_dogs_light/test/dog.9940.jpg
159,3,cats_dogs_light/test/cat.9883.jpg
160,3,cats_dogs_light/test/cat.9874.jpg
161,3,cats_dogs_light/test/cat.9850.jpg
162,5,cats_dogs_light/test/dog.9828.jpg
163,3,cats_dogs_light/test/cat.9920.jpg
164,5,cats_dogs_light/test/dog.9945.jpg
165,3,cats_dogs_light/test/cat.9958.jpg
166,5,cats_dogs_light/test/dog.9941.jpg
167,5,cats_dogs_light/test/dog.9868.jpg
168,5,cats_dogs_light/test/dog.99.jpg
169,5,cats_dogs_light/test/dog.9875.jpg
170,3,cats_dogs_light/test/cat.9859.jpg
171,3,cats_dogs_light/test/cat.9863.jpg
172,3,cats_dogs_light/test/cat.9830.jpg
173,3,cats_dogs_light/test/cat.9897.jpg
174,3,cats_dogs_light/test/cat.9990.jpg
175,3,cats_dogs_light/test/cat.989.jpg
176,3,cats_dogs_light/test/cat.9959.jpg
177,3,cats_dogs_light/test/cat.9989.jpg
178,3,cats_dogs_light/test/cat.9935.jpg
179,5,cats_dogs_light/test/dog.9794.jpg
180,3,cats_dogs_light/test/cat.9885.jpg
181,5,cats_dogs_light/test/dog.9844.jpg
182,3,cats_dogs_light/test/cat.9937.jpg
183,5,cats_dogs_light/test/dog.9798.jpg
184,5,cats_dogs_light/test/dog.9867.jpg
185,5,cats_dogs_light/test/dog.9804.jpg
186,5,cats_dogs_light/test/dog.9823.jpg
187,3,cats_dogs_light/test/cat.9944.jpg
188,5,cats_dogs_light/test/dog.9802.jpg
189,5,cats_dogs_light/test/dog.9786.jpg
190,5,cats_dogs_light/test/dog.9877.jpg
191,5,cats_dogs_light/test/dog.9936.jpg
192,3,cats_dogs_light/test/cat.9844.jpg
193,5,cats_dogs_light/test/dog.9927.jpg
194,3,cats_dogs_light/test/cat.9884.jpg
195,3,cats_dogs_light/test/cat.9834.jpg
196,3,cats_dogs_light/test/cat.9966.jpg
197,3,cats_dogs_light/test/cat.9888.jpg
198,3,cats_dogs_light/test/cat.9906.jpg
199,5,cats_dogs_light/test/dog.9933.jpg
